{"_version":"1.5.0","_beatsPerMinute":117,"_beatsPerBar":16,"_noteJumpSpeed":10,"_shuffle":0,"_shufflePeriod":0.5,"_events":[],"_notes":[{"_time":2.5,"_lineIndex":1,"_lineLayer":0,"_type":0,"_cutDirection":1},{"_time":2.5,"_lineIndex":2,"_lineLayer":0,"_type":1,"_cutDirection":1},{"_time":3,"_lineIndex":3,"_lineLayer":1,"_type":1,"_cutDirection":3},{"_time":3.5,"_lineIndex":2,"_lineLayer":0,"_type":1,"_cutDirection":1},{"_time":3.5,"_lineIndex":1,"_lineLayer":0,"_type":0,"_cutDirection":1},{"_time":4,"_lineIndex":0,"_lineLayer":1,"_type":0,"_cutDirection":2},{"_time":4.5,"_lineIndex":1,"_lineLayer":0,"_type":0,"_cutDirection":1},{"_time":4.5,"_lineIndex":2,"_lineLayer":0,"_type":1,"_cutDirection":1},{"_time":5,"_lineIndex":3,"_lineLayer":1,"_type":1,"_cutDirection":3},{"_time":5.5,"_lineIndex":1,"_lineLayer":0,"_type":0,"_cutDirection":1},{"_time":5.5,"_lineIndex":2,"_lineLayer":0,"_type":1,"_cutDirection":1},{"_time":6,"_lineIndex":0,"_lineLayer":1,"_type":0,"_cutDirection":2},{"_time":6.5,"_lineIndex":1,"_lineLayer":0,"_type":0,"_cutDirection":1},{"_time":6.5,"_lineIndex":2,"_lineLayer":0,"_type":1,"_cutDirection":1},{"_time":7,"_lineIndex":3,"_lineLayer":1,"_type":1,"_cutDirection":3},{"_time":7.5,"_lineIndex":2,"_lineLayer":0,"_type":1,"_cutDirection":1},{"_time":7.5,"_lineIndex":1,"_lineLayer":0,"_type":0,"_cutDirection":1},{"_time":8,"_lineIndex":0,"_lineLayer":1,"_type":0,"_cutDirection":2},{"_time":8.5,"_lineIndex":1,"_lineLayer":0,"_type":0,"_cutDirection":1},{"_time":8.5,"_lineIndex":2,"_lineLayer":0,"_type":1,"_cutDirection":1},{"_time":9,"_lineIndex":3,"_lineLayer":1,"_type":1,"_cutDirection":3},{"_time":9.5,"_lineIndex":2,"_lineLayer":0,"_type":1,"_cutDirection":1},{"_time":9.5,"_lineIndex":1,"_lineLayer":0,"_type":0,"_cutDirection":1},{"_time":10,"_lineIndex":0,"_lineLayer":1,"_type":0,"_cutDirection":2},{"_time":10.5,"_lineIndex":1,"_lineLayer":0,"_type":0,"_cutDirection":1},{"_time":10.5,"_lineIndex":2,"_lineLayer":0,"_type":1,"_cutDirection":1},{"_time":11,"_lineIndex":3,"_lineLayer":1,"_type":1,"_cutDirection":3},{"_time":11.5,"_lineIndex":2,"_lineLayer":0,"_type":1,"_cutDirection":1},{"_time":11.5,"_lineIndex":1,"_lineLayer":0,"_type":0,"_cutDirection":1},{"_time":12,"_lineIndex":0,"_lineLayer":1,"_type":0,"_cutDirection":2},{"_time":12.5,"_lineIndex":1,"_lineLayer":0,"_type":0,"_cutDirection":1},{"_time":12.5,"_lineIndex":2,"_lineLayer":0,"_type":1,"_cutDirection":1},{"_time":13,"_lineIndex":3,"_lineLayer":1,"_type":1,"_cutDirection":3},{"_time":13.5,"_lineIndex":2,"_lineLayer":0,"_type":1,"_cutDirection":1},{"_time":13.5,"_lineIndex":1,"_lineLayer":0,"_type":0,"_cutDirection":1},{"_time":14,"_lineIndex":0,"_lineLayer":1,"_type":0,"_cutDirection":2},{"_time":14.5,"_lineIndex":1,"_lineLayer":0,"_type":0,"_cutDirection":1},{"_time":14.5,"_lineIndex":2,"_lineLayer":0,"_type":1,"_cutDirection":1},{"_time":15,"_lineIndex":3,"_lineLayer":1,"_type":1,"_cutDirection":3},{"_time":15.5,"_lineIndex":2,"_lineLayer":0,"_type":1,"_cutDirection":1},{"_time":15.5,"_lineIndex":1,"_lineLayer":0,"_type":0,"_cutDirection":1},{"_time":16,"_lineIndex":0,"_lineLayer":1,"_type":0,"_cutDirection":2},{"_time":16.5,"_lineIndex":1,"_lineLayer":0,"_type":0,"_cutDirection":1},{"_time":16.5,"_lineIndex":2,"_lineLayer":0,"_type":1,"_cutDirection":1},{"_time":17,"_lineIndex":3,"_lineLayer":1,"_type":1,"_cutDirection":3},{"_time":17.5,"_lineIndex":2,"_lineLayer":0,"_type":1,"_cutDirection":1},{"_time":17.5,"_lineIndex":1,"_lineLayer":0,"_type":0,"_cutDirection":1},{"_time":18,"_lineIndex":0,"_lineLayer":1,"_type":0,"_cutDirection":2},{"_time":18.5,"_lineIndex":1,"_lineLayer":0,"_type":0,"_cutDirection":1},{"_time":18.5,"_lineIndex":2,"_lineLayer":0,"_type":1,"_cutDirection":1},{"_time":19,"_lineIndex":3,"_lineLayer":1,"_type":1,"_cutDirection":3},{"_time":19.5,"_lineIndex":2,"_lineLayer":0,"_type":1,"_cutDirection":1},{"_time":19.5,"_lineIndex":1,"_lineLayer":0,"_type":0,"_cutDirection":1},{"_time":20,"_lineIndex":0,"_lineLayer":1,"_type":0,"_cutDirection":2},{"_time":20.5,"_lineIndex":1,"_lineLayer":0,"_type":0,"_cutDirection":1},{"_time":20.5,"_lineIndex":2,"_lineLayer":0,"_type":1,"_cutDirection":1},{"_time":21,"_lineIndex":3,"_lineLayer":1,"_type":1,"_cutDirection":3},{"_time":21.5,"_lineIndex":2,"_lineLayer":0,"_type":1,"_cutDirection":1},{"_time":21.5,"_lineIndex":1,"_lineLayer":0,"_type":0,"_cutDirection":1},{"_time":22,"_lineIndex":0,"_lineLayer":1,"_type":0,"_cutDirection":2},{"_time":22.5,"_lineIndex":1,"_lineLayer":0,"_type":0,"_cutDirection":1},{"_time":22.5,"_lineIndex":2,"_lineLayer":0,"_type":1,"_cutDirection":1},{"_time":23,"_lineIndex":3,"_lineLayer":1,"_type":1,"_cutDirection":3},{"_time":23.5,"_lineIndex":2,"_lineLayer":0,"_type":1,"_cutDirection":1},{"_time":23.5,"_lineIndex":1,"_lineLayer":0,"_type":0,"_cutDirection":1},{"_time":24,"_lineIndex":0,"_lineLayer":1,"_type":0,"_cutDirection":2},{"_time":24.5,"_lineIndex":1,"_lineLayer":0,"_type":0,"_cutDirection":1},{"_time":24.5,"_lineIndex":2,"_lineLayer":0,"_type":1,"_cutDirection":1},{"_time":25,"_lineIndex":3,"_lineLayer":1,"_type":1,"_cutDirection":3},{"_time":25.5,"_lineIndex":2,"_lineLayer":0,"_type":1,"_cutDirection":1},{"_time":25.5,"_lineIndex":1,"_lineLayer":0,"_type":0,"_cutDirection":1},{"_time":26,"_lineIndex":3,"_lineLayer":1,"_type":1,"_cutDirection":3},{"_time":26,"_lineIndex":0,"_lineLayer":1,"_type":0,"_cutDirection":2},{"_time":26.5,"_lineIndex":1,"_lineLayer":2,"_type":0,"_cutDirection":0},{"_time":26.5,"_lineIndex":2,"_lineLayer":2,"_type":1,"_cutDirection":0},{"_time":27.5,"_lineIndex":1,"_lineLayer":0,"_type":0,"_cutDirection":1},{"_time":27.5,"_lineIndex":2,"_lineLayer":0,"_type":1,"_cutDirection":1},{"_time":28,"_lineIndex":0,"_lineLayer":1,"_type":0,"_cutDirection":2},{"_time":28,"_lineIndex":3,"_lineLayer":1,"_type":1,"_cutDirection":3},{"_time":28.5,"_lineIndex":2,"_lineLayer":0,"_type":1,"_cutDirection":1},{"_time":28.5,"_lineIndex":1,"_lineLayer":0,"_type":0,"_cutDirection":1},{"_time":29,"_lineIndex":3,"_lineLayer":1,"_type":1,"_cutDirection":3},{"_time":29,"_lineIndex":0,"_lineLayer":1,"_type":0,"_cutDirection":2},{"_time":29.5,"_lineIndex":1,"_lineLayer":0,"_type":0,"_cutDirection":1},{"_time":29.5,"_lineIndex":2,"_lineLayer":0,"_type":1,"_cutDirection":1},{"_time":30,"_lineIndex":0,"_lineLayer":1,"_type":0,"_cutDirection":2},{"_time":30,"_lineIndex":3,"_lineLayer":1,"_type":1,"_cutDirection":3},{"_time":30.5,"_lineIndex":2,"_lineLayer":0,"_type":1,"_cutDirection":1},{"_time":30.5,"_lineIndex":1,"_lineLayer":0,"_type":0,"_cutDirection":1},{"_time":31,"_lineIndex":3,"_lineLayer":1,"_type":1,"_cutDirection":3},{"_time":31,"_lineIndex":0,"_lineLayer":1,"_type":0,"_cutDirection":2},{"_time":31.5,"_lineIndex":1,"_lineLayer":0,"_type":0,"_cutDirection":1},{"_time":31.5,"_lineIndex":2,"_lineLayer":0,"_type":1,"_cutDirection":1},{"_time":32,"_lineIndex":0,"_lineLayer":1,"_type":0,"_cutDirection":2},{"_time":32,"_lineIndex":3,"_lineLayer":1,"_type":1,"_cutDirection":3},{"_time":32.5,"_lineIndex":2,"_lineLayer":0,"_type":1,"_cutDirection":1},{"_time":32.5,"_lineIndex":1,"_lineLayer":0,"_type":0,"_cutDirection":1},{"_time":33,"_lineIndex":3,"_lineLayer":1,"_type":1,"_cutDirection":3},{"_time":33,"_lineIndex":0,"_lineLayer":1,"_type":0,"_cutDirection":2},{"_time":33.5,"_lineIndex":1,"_lineLayer":0,"_type":0,"_cutDirection":1},{"_time":33.5,"_lineIndex":2,"_lineLayer":0,"_type":1,"_cutDirection":1},{"_time":34,"_lineIndex":0,"_lineLayer":1,"_type":0,"_cutDirection":2},{"_time":34,"_lineIndex":3,"_lineLayer":1,"_type":1,"_cutDirection":3},{"_time":34.5,"_lineIndex":2,"_lineLayer":0,"_type":1,"_cutDirection":1},{"_time":34.5,"_lineIndex":1,"_lineLayer":0,"_type":0,"_cutDirection":1},{"_time":35,"_lineIndex":3,"_lineLayer":1,"_type":1,"_cutDirection":3},{"_time":35,"_lineIndex":0,"_lineLayer":1,"_type":0,"_cutDirection":2},{"_time":35.5,"_lineIndex":1,"_lineLayer":0,"_type":0,"_cutDirection":1},{"_time":35.5,"_lineIndex":2,"_lineLayer":0,"_type":1,"_cutDirection":1},{"_time":36,"_lineIndex":0,"_lineLayer":1,"_type":0,"_cutDirection":2},{"_time":36,"_lineIndex":3,"_lineLayer":1,"_type":1,"_cutDirection":3},{"_time":36.5,"_lineIndex":2,"_lineLayer":0,"_type":1,"_cutDirection":1},{"_time":36.5,"_lineIndex":1,"_lineLayer":0,"_type":0,"_cutDirection":1},{"_time":37,"_lineIndex":3,"_lineLayer":1,"_type":1,"_cutDirection":3},{"_time":37,"_lineIndex":0,"_lineLayer":1,"_type":0,"_cutDirection":2},{"_time":37.5,"_lineIndex":1,"_lineLayer":0,"_type":0,"_cutDirection":1},{"_time":37.5,"_lineIndex":2,"_lineLayer":0,"_type":1,"_cutDirection":1},{"_time":38,"_lineIndex":0,"_lineLayer":1,"_type":0,"_cutDirection":2},{"_time":38,"_lineIndex":3,"_lineLayer":1,"_type":1,"_cutDirection":3},{"_time":38.5,"_lineIndex":2,"_lineLayer":0,"_type":1,"_cutDirection":1},{"_time":38.5,"_lineIndex":1,"_lineLayer":0,"_type":0,"_cutDirection":1},{"_time":39,"_lineIndex":3,"_lineLayer":1,"_type":1,"_cutDirection":3},{"_time":39,"_lineIndex":0,"_lineLayer":1,"_type":0,"_cutDirection":2},{"_time":39.5,"_lineIndex":1,"_lineLayer":0,"_type":0,"_cutDirection":1},{"_time":39.5,"_lineIndex":2,"_lineLayer":0,"_type":1,"_cutDirection":1},{"_time":40,"_lineIndex":0,"_lineLayer":1,"_type":0,"_cutDirection":2},{"_time":40,"_lineIndex":3,"_lineLayer":1,"_type":1,"_cutDirection":3},{"_time":40.5,"_lineIndex":2,"_lineLayer":0,"_type":1,"_cutDirection":1},{"_time":40.5,"_lineIndex":1,"_lineLayer":0,"_type":0,"_cutDirection":1},{"_time":41,"_lineIndex":3,"_lineLayer":1,"_type":1,"_cutDirection":3},{"_time":41,"_lineIndex":0,"_lineLayer":1,"_type":0,"_cutDirection":2},{"_time":41.5,"_lineIndex":1,"_lineLayer":0,"_type":0,"_cutDirection":1},{"_time":41.5,"_lineIndex":2,"_lineLayer":0,"_type":1,"_cutDirection":1},{"_time":42.5,"_lineIndex":0,"_lineLayer":0,"_type":1,"_cutDirection":2},{"_time":42.5,"_lineIndex":0,"_lineLayer":1,"_type":0,"_cutDirection":2},{"_time":43,"_lineIndex":1,"_lineLayer":0,"_type":1,"_cutDirection":1},{"_time":43.5,"_lineIndex":1,"_lineLayer":0,"_type":0,"_cutDirection":1},{"_time":44,"_lineIndex":3,"_lineLayer":0,"_type":0,"_cutDirection":3},{"_time":44,"_lineIndex":3,"_lineLayer":1,"_type":1,"_cutDirection":3},{"_time":44.5,"_lineIndex":2,"_lineLayer":0,"_type":1,"_cutDirection":1},{"_time":45,"_lineIndex":2,"_lineLayer":0,"_type":0,"_cutDirection":1},{"_time":45.5,"_lineIndex":1,"_lineLayer":0,"_type":0,"_cutDirection":1},{"_time":45.5,"_lineIndex":2,"_lineLayer":0,"_type":1,"_cutDirection":1},{"_time":46,"_lineIndex":3,"_lineLayer":1,"_type":0,"_cutDirection":3},{"_time":46,"_lineIndex":0,"_lineLayer":1,"_type":1,"_cutDirection":2},{"_time":46.5,"_lineIndex":3,"_lineLayer":1,"_type":3,"_cutDirection":2},{"_time":46.5,"_lineIndex":2,"_lineLayer":2,"_type":1,"_cutDirection":0},{"_time":46.5,"_lineIndex":1,"_lineLayer":2,"_type":0,"_cutDirection":0},{"_time":46.5,"_lineIndex":0,"_lineLayer":0,"_type":3,"_cutDirection":2},{"_time":46.5,"_lineIndex":1,"_lineLayer":0,"_type":3,"_cutDirection":2},{"_time":46.5,"_lineIndex":2,"_lineLayer":0,"_type":3,"_cutDirection":2},{"_time":46.5,"_lineIndex":3,"_lineLayer":0,"_type":3,"_cutDirection":2},{"_time":46.5,"_lineIndex":0,"_lineLayer":1,"_type":3,"_cutDirection":2},{"_time":47.5,"_lineIndex":2,"_lineLayer":0,"_type":1,"_cutDirection":0},{"_time":48,"_lineIndex":2,"_lineLayer":0,"_type":1,"_cutDirection":1},{"_time":48,"_lineIndex":1,"_lineLayer":0,"_type":0,"_cutDirection":1},{"_time":48.5,"_lineIndex":3,"_lineLayer":0,"_type":1,"_cutDirection":3},{"_time":48.5,"_lineIndex":0,"_lineLayer":0,"_type":0,"_cutDirection":2},{"_time":49,"_lineIndex":1,"_lineLayer":0,"_type":0,"_cutDirection":3},{"_time":49.5,"_lineIndex":0,"_lineLayer":0,"_type":0,"_cutDirection":2},{"_time":49.5,"_lineIndex":3,"_lineLayer":0,"_type":1,"_cutDirection":3},{"_time":50,"_lineIndex":2,"_lineLayer":0,"_type":1,"_cutDirection":2},{"_time":50.5,"_lineIndex":0,"_lineLayer":0,"_type":1,"_cutDirection":2},{"_time":50.5,"_lineIndex":0,"_lineLayer":1,"_type":0,"_cutDirection":2},{"_time":51,"_lineIndex":1,"_lineLayer":0,"_type":0,"_cutDirection":1},{"_time":51.5,"_lineIndex":1,"_lineLayer":0,"_type":1,"_cutDirection":1},{"_time":52,"_lineIndex":3,"_lineLayer":0,"_type":0,"_cutDirection":3},{"_time":52,"_lineIndex":3,"_lineLayer":1,"_type":1,"_cutDirection":3},{"_time":52.5,"_lineIndex":2,"_lineLayer":0,"_type":1,"_cutDirection":1},{"_time":53,"_lineIndex":2,"_lineLayer":0,"_type":0,"_cutDirection":1},{"_time":53.5,"_lineIndex":3,"_lineLayer":1,"_type":0,"_cutDirection":3},{"_time":53.5,"_lineIndex":0,"_lineLayer":1,"_type":1,"_cutDirection":2},{"_time":54,"_lineIndex":1,"_lineLayer":1,"_type":1,"_cutDirection":3},{"_time":54.5,"_lineIndex":3,"_lineLayer":0,"_type":3,"_cutDirection":0},{"_time":54.5,"_lineIndex":3,"_lineLayer":1,"_type":3,"_cutDirection":0},{"_time":54.5,"_lineIndex":0,"_lineLayer":0,"_type":3,"_cutDirection":0},{"_time":54.5,"_lineIndex":1,"_lineLayer":0,"_type":3,"_cutDirection":0},{"_time":54.5,"_lineIndex":2,"_lineLayer":0,"_type":3,"_cutDirection":0},{"_time":54.5,"_lineIndex":0,"_lineLayer":1,"_type":3,"_cutDirection":0},{"_time":54.5,"_lineIndex":2,"_lineLayer":2,"_type":1,"_cutDirection":0},{"_time":54.5,"_lineIndex":1,"_lineLayer":2,"_type":0,"_cutDirection":0},{"_time":55.5,"_lineIndex":0,"_lineLayer":1,"_type":0,"_cutDirection":2},{"_time":56,"_lineIndex":1,"_lineLayer":0,"_type":0,"_cutDirection":1},{"_time":56,"_lineIndex":2,"_lineLayer":0,"_type":1,"_cutDirection":1},{"_time":56.5,"_lineIndex":3,"_lineLayer":0,"_type":1,"_cutDirection":3},{"_time":56.5,"_lineIndex":0,"_lineLayer":0,"_type":0,"_cutDirection":2},{"_time":57,"_lineIndex":2,"_lineLayer":0,"_type":1,"_cutDirection":2},{"_time":59.5,"_lineIndex":2,"_lineLayer":0,"_type":1,"_cutDirection":1},{"_time":60,"_lineIndex":1,"_lineLayer":0,"_type":0,"_cutDirection":1},{"_time":60.5,"_lineIndex":0,"_lineLayer":1,"_type":0,"_cutDirection":2},{"_time":61,"_lineIndex":3,"_lineLayer":1,"_type":1,"_cutDirection":3},{"_time":62,"_lineIndex":2,"_lineLayer":0,"_type":1,"_cutDirection":1},{"_time":63,"_lineIndex":1,"_lineLayer":1,"_type":0,"_cutDirection":0},{"_time":64,"_lineIndex":1,"_lineLayer":0,"_type":0,"_cutDirection":1},{"_time":64.25,"_lineIndex":2,"_lineLayer":0,"_type":1,"_cutDirection":1},{"_time":64.5,"_lineIndex":0,"_lineLayer":1,"_type":0,"_cutDirection":2},{"_time":64.75,"_lineIndex":3,"_lineLayer":1,"_type":1,"_cutDirection":3},{"_time":65.25,"_lineIndex":1,"_lineLayer":1,"_type":0,"_cutDirection":1},{"_time":65.25,"_lineIndex":1,"_lineLayer":0,"_type":0,"_cutDirection":1},{"_time":65.25,"_lineIndex":2,"_lineLayer":0,"_type":1,"_cutDirection":0},{"_time":65.25,"_lineIndex":2,"_lineLayer":1,"_type":1,"_cutDirection":0},{"_time":67,"_lineIndex":1,"_lineLayer":0,"_type":0,"_cutDirection":1},{"_time":67.25,"_lineIndex":0,"_lineLayer":1,"_type":0,"_cutDirection":2},{"_time":67.5,"_lineIndex":2,"_lineLayer":0,"_type":1,"_cutDirection":1},{"_time":67.75,"_lineIndex":3,"_lineLayer":1,"_type":1,"_cutDirection":3},{"_time":68.5,"_lineIndex":2,"_lineLayer":2,"_type":1,"_cutDirection":0},{"_time":69,"_lineIndex":1,"_lineLayer":0,"_type":0,"_cutDirection":1},{"_time":70,"_lineIndex":3,"_lineLayer":1,"_type":0,"_cutDirection":3},{"_time":70.5,"_lineIndex":2,"_lineLayer":0,"_type":0,"_cutDirection":1},{"_time":71,"_lineIndex":3,"_lineLayer":2,"_type":1,"_cutDirection":0},{"_time":72,"_lineIndex":2,"_lineLayer":0,"_type":1,"_cutDirection":1},{"_time":72,"_lineIndex":1,"_lineLayer":0,"_type":0,"_cutDirection":1},{"_time":73,"_lineIndex":1,"_lineLayer":1,"_type":0,"_cutDirection":0},{"_time":73,"_lineIndex":2,"_lineLayer":1,"_type":1,"_cutDirection":0},{"_time":73.5,"_lineIndex":2,"_lineLayer":0,"_type":1,"_cutDirection":1},{"_time":73.5,"_lineIndex":1,"_lineLayer":0,"_type":0,"_cutDirection":1},{"_time":74,"_lineIndex":0,"_lineLayer":1,"_type":0,"_cutDirection":2},{"_time":74,"_lineIndex":3,"_lineLayer":1,"_type":1,"_cutDirection":3},{"_time":76,"_lineIndex":0,"_lineLayer":2,"_type":0,"_cutDirection":4},{"_time":77,"_lineIndex":3,"_lineLayer":0,"_type":1,"_cutDirection":7},{"_time":77.5,"_lineIndex":2,"_lineLayer":0,"_type":1,"_cutDirection":4},{"_time":77.75,"_lineIndex":1,"_lineLayer":0,"_type":0,"_cutDirection":6},{"_time":78,"_lineIndex":2,"_lineLayer":0,"_type":1,"_cutDirection":7},{"_time":79.5,"_lineIndex":1,"_lineLayer":0,"_type":0,"_cutDirection":6},{"_time":79.75,"_lineIndex":2,"_lineLayer":0,"_type":1,"_cutDirection":7},{"_time":80,"_lineIndex":1,"_lineLayer":0,"_type":0,"_cutDirection":5},{"_time":81.75,"_lineIndex":1,"_lineLayer":0,"_type":0,"_cutDirection":2},{"_time":82,"_lineIndex":2,"_lineLayer":0,"_type":1,"_cutDirection":1},{"_time":82.25,"_lineIndex":1,"_lineLayer":0,"_type":0,"_cutDirection":1},{"_time":86,"_lineIndex":1,"_lineLayer":2,"_type":0,"_cutDirection":2},{"_time":87,"_lineIndex":3,"_lineLayer":0,"_type":1,"_cutDirection":1},{"_time":87.25,"_lineIndex":2,"_lineLayer":0,"_type":1,"_cutDirection":0},{"_time":88.25,"_lineIndex":3,"_lineLayer":1,"_type":1,"_cutDirection":3},{"_time":89.25,"_lineIndex":1,"_lineLayer":1,"_type":0,"_cutDirection":2},{"_time":89.75,"_lineIndex":2,"_lineLayer":0,"_type":1,"_cutDirection":1},{"_time":90.25,"_lineIndex":3,"_lineLayer":1,"_type":1,"_cutDirection":8},{"_time":93.75,"_lineIndex":2,"_lineLayer":0,"_type":1,"_cutDirection":1},{"_time":93.75,"_lineIndex":1,"_lineLayer":0,"_type":0,"_cutDirection":1},{"_time":94,"_lineIndex":2,"_lineLayer":0,"_type":1,"_cutDirection":0},{"_time":94,"_lineIndex":1,"_lineLayer":0,"_type":0,"_cutDirection":0},{"_time":94.25,"_lineIndex":2,"_lineLayer":0,"_type":1,"_cutDirection":1},{"_time":94.25,"_lineIndex":1,"_lineLayer":0,"_type":0,"_cutDirection":1},{"_time":95.75,"_lineIndex":1,"_lineLayer":1,"_type":0,"_cutDirection":3},{"_time":95.75,"_lineIndex":2,"_lineLayer":1,"_type":1,"_cutDirection":2},{"_time":96,"_lineIndex":3,"_lineLayer":1,"_type":1,"_cutDirection":3},{"_time":96,"_lineIndex":0,"_lineLayer":1,"_type":0,"_cutDirection":2},{"_time":96.25,"_lineIndex":1,"_lineLayer":1,"_type":0,"_cutDirection":3},{"_time":96.25,"_lineIndex":2,"_lineLayer":1,"_type":1,"_cutDirection":2},{"_time":97.75,"_lineIndex":0,"_lineLayer":1,"_type":0,"_cutDirection":2},{"_time":97.75,"_lineIndex":3,"_lineLayer":1,"_type":1,"_cutDirection":3},{"_time":98,"_lineIndex":2,"_lineLayer":2,"_type":1,"_cutDirection":0},{"_time":98,"_lineIndex":1,"_lineLayer":2,"_type":0,"_cutDirection":0},{"_time":98.25,"_lineIndex":1,"_lineLayer":0,"_type":0,"_cutDirection":1},{"_time":98.25,"_lineIndex":2,"_lineLayer":0,"_type":1,"_cutDirection":1},{"_time":107,"_lineIndex":2,"_lineLayer":0,"_type":1,"_cutDirection":1},{"_time":107.5,"_lineIndex":1,"_lineLayer":0,"_type":0,"_cutDirection":1},{"_time":107.75,"_lineIndex":3,"_lineLayer":1,"_type":1,"_cutDirection":3},{"_time":108.5,"_lineIndex":1,"_lineLayer":1,"_type":0,"_cutDirection":3},{"_time":109,"_lineIndex":2,"_lineLayer":0,"_type":1,"_cutDirection":1},{"_time":110,"_lineIndex":2,"_lineLayer":0,"_type":1,"_cutDirection":1},{"_time":110,"_lineIndex":1,"_lineLayer":0,"_type":0,"_cutDirection":1},{"_time":110.5,"_lineIndex":1,"_lineLayer":1,"_type":0,"_cutDirection":0},{"_time":110.5,"_lineIndex":2,"_lineLayer":1,"_type":1,"_cutDirection":0},{"_time":111,"_lineIndex":3,"_lineLayer":1,"_type":1,"_cutDirection":3},{"_time":111,"_lineIndex":0,"_lineLayer":1,"_type":0,"_cutDirection":2},{"_time":112,"_lineIndex":1,"_lineLayer":1,"_type":0,"_cutDirection":2},{"_time":112.25,"_lineIndex":3,"_lineLayer":1,"_type":1,"_cutDirection":3},{"_time":112.5,"_lineIndex":0,"_lineLayer":1,"_type":0,"_cutDirection":2},{"_time":113,"_lineIndex":2,"_lineLayer":0,"_type":1,"_cutDirection":1},{"_time":113.5,"_lineIndex":2,"_lineLayer":2,"_type":1,"_cutDirection":0},{"_time":113.5,"_lineIndex":1,"_lineLayer":2,"_type":0,"_cutDirection":0},{"_time":115,"_lineIndex":1,"_lineLayer":0,"_type":0,"_cutDirection":1},{"_time":115.25,"_lineIndex":3,"_lineLayer":1,"_type":1,"_cutDirection":3},{"_time":115.5,"_lineIndex":2,"_lineLayer":0,"_type":1,"_cutDirection":1},{"_time":116,"_lineIndex":2,"_lineLayer":1,"_type":1,"_cutDirection":0},{"_time":116.5,"_lineIndex":1,"_lineLayer":0,"_type":0,"_cutDirection":1},{"_time":117,"_lineIndex":1,"_lineLayer":1,"_type":0,"_cutDirection":0},{"_time":117.75,"_lineIndex":2,"_lineLayer":0,"_type":0,"_cutDirection":3},{"_time":118.5,"_lineIndex":0,"_lineLayer":1,"_type":0,"_cutDirection":2},{"_time":119,"_lineIndex":1,"_lineLayer":0,"_type":0,"_cutDirection":1},{"_time":120,"_lineIndex":1,"_lineLayer":1,"_type":0,"_cutDirection":3},{"_time":120,"_lineIndex":2,"_lineLayer":1,"_type":1,"_cutDirection":2},{"_time":121,"_lineIndex":3,"_lineLayer":1,"_type":1,"_cutDirection":3},{"_time":121,"_lineIndex":0,"_lineLayer":1,"_type":0,"_cutDirection":2},{"_time":121.75,"_lineIndex":1,"_lineLayer":1,"_type":0,"_cutDirection":0},{"_time":121.75,"_lineIndex":2,"_lineLayer":1,"_type":1,"_cutDirection":0},{"_time":122.25,"_lineIndex":2,"_lineLayer":0,"_type":1,"_cutDirection":1},{"_time":122.25,"_lineIndex":1,"_lineLayer":0,"_type":0,"_cutDirection":1},{"_time":124,"_lineIndex":3,"_lineLayer":2,"_type":1,"_cutDirection":5},{"_time":126,"_lineIndex":3,"_lineLayer":0,"_type":1,"_cutDirection":3},{"_time":126.25,"_lineIndex":0,"_lineLayer":0,"_type":0,"_cutDirection":2},{"_time":126.5,"_lineIndex":3,"_lineLayer":0,"_type":1,"_cutDirection":3},{"_time":127.75,"_lineIndex":0,"_lineLayer":0,"_type":0,"_cutDirection":2},{"_time":128,"_lineIndex":3,"_lineLayer":0,"_type":1,"_cutDirection":3},{"_time":128.25,"_lineIndex":0,"_lineLayer":0,"_type":0,"_cutDirection":2},{"_time":130,"_lineIndex":1,"_lineLayer":2,"_type":0,"_cutDirection":0},{"_time":130,"_lineIndex":2,"_lineLayer":2,"_type":1,"_cutDirection":0},{"_time":130.25,"_lineIndex":1,"_lineLayer":1,"_type":0,"_cutDirection":1},{"_time":130.25,"_lineIndex":2,"_lineLayer":1,"_type":1,"_cutDirection":1},{"_time":130.5,"_lineIndex":3,"_lineLayer":1,"_type":1,"_cutDirection":3},{"_time":130.5,"_lineIndex":0,"_lineLayer":1,"_type":0,"_cutDirection":2},{"_time":139,"_lineIndex":1,"_lineLayer":0,"_type":0,"_cutDirection":1},{"_time":139,"_lineIndex":1,"_lineLayer":1,"_type":0,"_cutDirection":1},{"_time":139.25,"_lineIndex":2,"_lineLayer":1,"_type":1,"_cutDirection":1},{"_time":139.25,"_lineIndex":2,"_lineLayer":0,"_type":1,"_cutDirection":1},{"_time":139.5,"_lineIndex":1,"_lineLayer":1,"_type":0,"_cutDirection":0},{"_time":139.5,"_lineIndex":1,"_lineLayer":0,"_type":0,"_cutDirection":0},{"_time":139.75,"_lineIndex":2,"_lineLayer":0,"_type":1,"_cutDirection":0},{"_time":139.75,"_lineIndex":2,"_lineLayer":1,"_type":1,"_cutDirection":0},{"_time":140.25,"_lineIndex":3,"_lineLayer":1,"_type":1,"_cutDirection":3},{"_time":140.25,"_lineIndex":0,"_lineLayer":1,"_type":0,"_cutDirection":2},{"_time":141,"_lineIndex":1,"_lineLayer":2,"_type":0,"_cutDirection":0},{"_time":141,"_lineIndex":2,"_lineLayer":2,"_type":1,"_cutDirection":0},{"_time":142.25,"_lineIndex":3,"_lineLayer":0,"_type":1,"_cutDirection":1},{"_time":142.5,"_lineIndex":0,"_lineLayer":1,"_type":0,"_cutDirection":2},{"_time":143,"_lineIndex":1,"_lineLayer":0,"_type":0,"_cutDirection":3},{"_time":143.5,"_lineIndex":0,"_lineLayer":0,"_type":0,"_cutDirection":2},{"_time":143.75,"_lineIndex":2,"_lineLayer":0,"_type":1,"_cutDirection":1},{"_time":144,"_lineIndex":1,"_lineLayer":0,"_type":0,"_cutDirection":3},{"_time":146,"_lineIndex":3,"_lineLayer":1,"_type":1,"_cutDirection":3},{"_time":146,"_lineIndex":0,"_lineLayer":1,"_type":0,"_cutDirection":2},{"_time":146.25,"_lineIndex":1,"_lineLayer":0,"_type":0,"_cutDirection":1},{"_time":146.75,"_lineIndex":2,"_lineLayer":0,"_type":1,"_cutDirection":1},{"_time":147,"_lineIndex":1,"_lineLayer":0,"_type":0,"_cutDirection":0},{"_time":147.25,"_lineIndex":2,"_lineLayer":0,"_type":1,"_cutDirection":0},{"_time":148,"_lineIndex":0,"_lineLayer":1,"_type":0,"_cutDirection":2},{"_time":148.25,"_lineIndex":3,"_lineLayer":1,"_type":1,"_cutDirection":3},{"_time":148.75,"_lineIndex":2,"_lineLayer":1,"_type":1,"_cutDirection":2},{"_time":149.25,"_lineIndex":1,"_lineLayer":1,"_type":0,"_cutDirection":3},{"_time":150,"_lineIndex":1,"_lineLayer":0,"_type":1,"_cutDirection":1},{"_time":150,"_lineIndex":2,"_lineLayer":0,"_type":0,"_cutDirection":1},{"_time":152.25,"_lineIndex":1,"_lineLayer":2,"_type":0,"_cutDirection":0},{"_time":152.25,"_lineIndex":1,"_lineLayer":1,"_type":0,"_cutDirection":5},{"_time":152.25,"_lineIndex":2,"_lineLayer":1,"_type":1,"_cutDirection":4},{"_time":152.25,"_lineIndex":2,"_lineLayer":2,"_type":1,"_cutDirection":0},{"_time":153.5,"_lineIndex":0,"_lineLayer":1,"_type":0,"_cutDirection":2},{"_time":153.5,"_lineIndex":3,"_lineLayer":1,"_type":1,"_cutDirection":3},{"_time":153.75,"_lineIndex":2,"_lineLayer":0,"_type":1,"_cutDirection":1},{"_time":153.75,"_lineIndex":1,"_lineLayer":0,"_type":0,"_cutDirection":1},{"_time":154.5,"_lineIndex":2,"_lineLayer":0,"_type":0,"_cutDirection":1},{"_time":155,"_lineIndex":1,"_lineLayer":1,"_type":0,"_cutDirection":0},{"_time":155.25,"_lineIndex":3,"_lineLayer":1,"_type":1,"_cutDirection":3},{"_time":155.5,"_lineIndex":2,"_lineLayer":1,"_type":1,"_cutDirection":2},{"_time":155.75,"_lineIndex":3,"_lineLayer":0,"_type":1,"_cutDirection":1},{"_time":156.25,"_lineIndex":1,"_lineLayer":1,"_type":0,"_cutDirection":3},{"_time":156.75,"_lineIndex":2,"_lineLayer":0,"_type":0,"_cutDirection":1},{"_time":158,"_lineIndex":1,"_lineLayer":0,"_type":0,"_cutDirection":1},{"_time":158.25,"_lineIndex":2,"_lineLayer":0,"_type":1,"_cutDirection":1},{"_time":158.75,"_lineIndex":2,"_lineLayer":2,"_type":1,"_cutDirection":0},{"_time":158.75,"_lineIndex":1,"_lineLayer":2,"_type":0,"_cutDirection":0},{"_time":159.25,"_lineIndex":0,"_lineLayer":1,"_type":0,"_cutDirection":2},{"_time":159.25,"_lineIndex":3,"_lineLayer":1,"_type":1,"_cutDirection":3},{"_time":159.5,"_lineIndex":1,"_lineLayer":0,"_type":0,"_cutDirection":1},{"_time":159.75,"_lineIndex":2,"_lineLayer":0,"_type":1,"_cutDirection":1},{"_time":160.25,"_lineIndex":2,"_lineLayer":1,"_type":1,"_cutDirection":0},{"_time":162.25,"_lineIndex":3,"_lineLayer":0,"_type":1,"_cutDirection":3},{"_time":162.5,"_lineIndex":0,"_lineLayer":0,"_type":0,"_cutDirection":2},{"_time":163,"_lineIndex":3,"_lineLayer":0,"_type":1,"_cutDirection":3},{"_time":163.25,"_lineIndex":1,"_lineLayer":0,"_type":0,"_cutDirection":2},{"_time":163.75,"_lineIndex":2,"_lineLayer":0,"_type":1,"_cutDirection":2},{"_time":164,"_lineIndex":1,"_lineLayer":0,"_type":0,"_cutDirection":3},{"_time":164.25,"_lineIndex":2,"_lineLayer":1,"_type":1,"_cutDirection":0},{"_time":166.5,"_lineIndex":2,"_lineLayer":0,"_type":1,"_cutDirection":1},{"_time":166.75,"_lineIndex":1,"_lineLayer":0,"_type":0,"_cutDirection":1},{"_time":167,"_lineIndex":0,"_lineLayer":1,"_type":0,"_cutDirection":2},{"_time":167,"_lineIndex":3,"_lineLayer":1,"_type":1,"_cutDirection":3},{"_time":167.5,"_lineIndex":2,"_lineLayer":0,"_type":1,"_cutDirection":1},{"_time":167.5,"_lineIndex":1,"_lineLayer":1,"_type":0,"_cutDirection":2},{"_time":168.25,"_lineIndex":2,"_lineLayer":0,"_type":1,"_cutDirection":1},{"_time":169.25,"_lineIndex":2,"_lineLayer":0,"_type":1,"_cutDirection":1},{"_time":169.25,"_lineIndex":1,"_lineLayer":0,"_type":0,"_cutDirection":1},{"_time":170,"_lineIndex":1,"_lineLayer":2,"_type":0,"_cutDirection":0},{"_time":170,"_lineIndex":2,"_lineLayer":2,"_type":1,"_cutDirection":0},{"_time":171,"_lineIndex":3,"_lineLayer":1,"_type":1,"_cutDirection":3},{"_time":171,"_lineIndex":0,"_lineLayer":1,"_type":0,"_cutDirection":2},{"_time":172,"_lineIndex":2,"_lineLayer":0,"_type":1,"_cutDirection":1},{"_time":172,"_lineIndex":1,"_lineLayer":0,"_type":0,"_cutDirection":1},{"_time":172.5,"_lineIndex":1,"_lineLayer":1,"_type":0,"_cutDirection":0},{"_time":172.5,"_lineIndex":2,"_lineLayer":1,"_type":1,"_cutDirection":0},{"_time":173,"_lineIndex":3,"_lineLayer":2,"_type":1,"_cutDirection":0},{"_time":173,"_lineIndex":0,"_lineLayer":2,"_type":0,"_cutDirection":0},{"_time":174,"_lineIndex":2,"_lineLayer":0,"_type":1,"_cutDirection":1},{"_time":175,"_lineIndex":0,"_lineLayer":1,"_type":0,"_cutDirection":2},{"_time":175,"_lineIndex":3,"_lineLayer":1,"_type":1,"_cutDirection":3},{"_time":175.25,"_lineIndex":1,"_lineLayer":1,"_type":0,"_cutDirection":3},{"_time":175.25,"_lineIndex":2,"_lineLayer":1,"_type":1,"_cutDirection":2},{"_time":176.25,"_lineIndex":2,"_lineLayer":0,"_type":1,"_cutDirection":1},{"_time":176.25,"_lineIndex":1,"_lineLayer":0,"_type":0,"_cutDirection":1},{"_time":177.25,"_lineIndex":0,"_lineLayer":0,"_type":0,"_cutDirection":2},{"_time":177.25,"_lineIndex":3,"_lineLayer":0,"_type":1,"_cutDirection":3},{"_time":178.25,"_lineIndex":3,"_lineLayer":2,"_type":1,"_cutDirection":0},{"_time":178.25,"_lineIndex":0,"_lineLayer":2,"_type":0,"_cutDirection":0},{"_time":179.5,"_lineIndex":1,"_lineLayer":0,"_type":0,"_cutDirection":1},{"_time":180,"_lineIndex":1,"_lineLayer":1,"_type":0,"_cutDirection":0},{"_time":180.5,"_lineIndex":1,"_lineLayer":0,"_type":0,"_cutDirection":1},{"_time":181,"_lineIndex":1,"_lineLayer":1,"_type":0,"_cutDirection":0},{"_time":182,"_lineIndex":2,"_lineLayer":0,"_type":1,"_cutDirection":1},{"_time":182.75,"_lineIndex":2,"_lineLayer":0,"_type":1,"_cutDirection":1},{"_time":182.75,"_lineIndex":1,"_lineLayer":0,"_type":0,"_cutDirection":1},{"_time":183.5,"_lineIndex":2,"_lineLayer":2,"_type":1,"_cutDirection":0},{"_time":183.5,"_lineIndex":1,"_lineLayer":2,"_type":0,"_cutDirection":0},{"_time":184.5,"_lineIndex":3,"_lineLayer":1,"_type":1,"_cutDirection":3},{"_time":184.5,"_lineIndex":0,"_lineLayer":1,"_type":0,"_cutDirection":2},{"_time":185.5,"_lineIndex":1,"_lineLayer":0,"_type":0,"_cutDirection":1},{"_time":185.5,"_lineIndex":2,"_lineLayer":0,"_type":1,"_cutDirection":1},{"_time":186,"_lineIndex":3,"_lineLayer":1,"_type":1,"_cutDirection":3},{"_time":186.5,"_lineIndex":0,"_lineLayer":1,"_type":0,"_cutDirection":2},{"_time":187.5,"_lineIndex":2,"_lineLayer":2,"_type":0,"_cutDirection":0},{"_time":188.5,"_lineIndex":2,"_lineLayer":0,"_type":1,"_cutDirection":1},{"_time":189.5,"_lineIndex":2,"_lineLayer":0,"_type":1,"_cutDirection":1},{"_time":189.5,"_lineIndex":1,"_lineLayer":0,"_type":0,"_cutDirection":1},{"_time":190.5,"_lineIndex":0,"_lineLayer":1,"_type":0,"_cutDirection":2},{"_time":190.5,"_lineIndex":3,"_lineLayer":1,"_type":1,"_cutDirection":3},{"_time":191,"_lineIndex":2,"_lineLayer":2,"_type":1,"_cutDirection":0},{"_time":191,"_lineIndex":1,"_lineLayer":2,"_type":0,"_cutDirection":0},{"_time":191.5,"_lineIndex":1,"_lineLayer":1,"_type":0,"_cutDirection":1},{"_time":191.5,"_lineIndex":2,"_lineLayer":1,"_type":1,"_cutDirection":1},{"_time":192,"_lineIndex":3,"_lineLayer":1,"_type":1,"_cutDirection":3},{"_time":192,"_lineIndex":0,"_lineLayer":1,"_type":0,"_cutDirection":2},{"_time":192.5,"_lineIndex":1,"_lineLayer":1,"_type":0,"_cutDirection":3},{"_time":193.25,"_lineIndex":0,"_lineLayer":1,"_type":0,"_cutDirection":2},{"_time":194.25,"_lineIndex":2,"_lineLayer":0,"_type":1,"_cutDirection":1},{"_time":196.5,"_lineIndex":3,"_lineLayer":2,"_type":1,"_cutDirection":0},{"_time":196.5,"_lineIndex":0,"_lineLayer":2,"_type":0,"_cutDirection":0},{"_time":199.25,"_lineIndex":1,"_lineLayer":0,"_type":0,"_cutDirection":1},{"_time":200,"_lineIndex":3,"_lineLayer":1,"_type":1,"_cutDirection":3},{"_time":200.5,"_lineIndex":1,"_lineLayer":2,"_type":1,"_cutDirection":4},{"_time":201.5,"_lineIndex":3,"_lineLayer":1,"_type":0,"_cutDirection":3},{"_time":202,"_lineIndex":1,"_lineLayer":0,"_type":0,"_cutDirection":1},{"_time":202.5,"_lineIndex":3,"_lineLayer":1,"_type":1,"_cutDirection":3},{"_time":203.25,"_lineIndex":1,"_lineLayer":2,"_type":0,"_cutDirection":0},{"_time":203.25,"_lineIndex":1,"_lineLayer":1,"_type":0,"_cutDirection":5},{"_time":203.25,"_lineIndex":2,"_lineLayer":1,"_type":1,"_cutDirection":4},{"_time":203.25,"_lineIndex":2,"_lineLayer":2,"_type":1,"_cutDirection":0},{"_time":204.5,"_lineIndex":0,"_lineLayer":1,"_type":0,"_cutDirection":2},{"_time":204.5,"_lineIndex":3,"_lineLayer":1,"_type":1,"_cutDirection":3},{"_time":205.5,"_lineIndex":2,"_lineLayer":0,"_type":1,"_cutDirection":1},{"_time":205.5,"_lineIndex":1,"_lineLayer":0,"_type":0,"_cutDirection":1},{"_time":206.5,"_lineIndex":0,"_lineLayer":1,"_type":0,"_cutDirection":2},{"_time":206.5,"_lineIndex":3,"_lineLayer":1,"_type":1,"_cutDirection":3},{"_time":207,"_lineIndex":2,"_lineLayer":2,"_type":1,"_cutDirection":0},{"_time":207,"_lineIndex":1,"_lineLayer":2,"_type":0,"_cutDirection":0},{"_time":208,"_lineIndex":1,"_lineLayer":0,"_type":0,"_cutDirection":1},{"_time":208,"_lineIndex":3,"_lineLayer":1,"_type":1,"_cutDirection":3},{"_time":209,"_lineIndex":1,"_lineLayer":0,"_type":1,"_cutDirection":2},{"_time":209.5,"_lineIndex":2,"_lineLayer":1,"_type":0,"_cutDirection":3},{"_time":210.5,"_lineIndex":1,"_lineLayer":0,"_type":0,"_cutDirection":1},{"_time":210.5,"_lineIndex":2,"_lineLayer":0,"_type":1,"_cutDirection":1},{"_time":218,"_lineIndex":3,"_lineLayer":2,"_type":1,"_cutDirection":0},{"_time":218,"_lineIndex":0,"_lineLayer":2,"_type":0,"_cutDirection":0},{"_time":219.75,"_lineIndex":3,"_lineLayer":1,"_type":1,"_cutDirection":3},{"_time":220,"_lineIndex":2,"_lineLayer":0,"_type":1,"_cutDirection":1},{"_time":220.5,"_lineIndex":1,"_lineLayer":0,"_type":0,"_cutDirection":1},{"_time":221,"_lineIndex":3,"_lineLayer":1,"_type":1,"_cutDirection":3},{"_time":221.5,"_lineIndex":1,"_lineLayer":0,"_type":0,"_cutDirection":2},{"_time":222,"_lineIndex":2,"_lineLayer":0,"_type":1,"_cutDirection":1},{"_time":222.5,"_lineIndex":1,"_lineLayer":0,"_type":0,"_cutDirection":1},{"_time":223,"_lineIndex":2,"_lineLayer":0,"_type":1,"_cutDirection":0},{"_time":223.25,"_lineIndex":1,"_lineLayer":0,"_type":0,"_cutDirection":0},{"_time":223.75,"_lineIndex":0,"_lineLayer":1,"_type":0,"_cutDirection":2},{"_time":223.75,"_lineIndex":3,"_lineLayer":1,"_type":1,"_cutDirection":3},{"_time":224.5,"_lineIndex":2,"_lineLayer":0,"_type":1,"_cutDirection":1},{"_time":224.75,"_lineIndex":1,"_lineLayer":0,"_type":0,"_cutDirection":1},{"_time":225,"_lineIndex":0,"_lineLayer":1,"_type":0,"_cutDirection":2},{"_time":225.5,"_lineIndex":3,"_lineLayer":1,"_type":1,"_cutDirection":3},{"_time":226,"_lineIndex":1,"_lineLayer":1,"_type":0,"_cutDirection":3},{"_time":226,"_lineIndex":2,"_lineLayer":1,"_type":1,"_cutDirection":2},{"_time":228,"_lineIndex":1,"_lineLayer":0,"_type":0,"_cutDirection":1},{"_time":228.5,"_lineIndex":2,"_lineLayer":0,"_type":1,"_cutDirection":1},{"_time":229,"_lineIndex":3,"_lineLayer":1,"_type":1,"_cutDirection":3},{"_time":229.5,"_lineIndex":1,"_lineLayer":0,"_type":0,"_cutDirection":1},{"_time":230,"_lineIndex":1,"_lineLayer":1,"_type":0,"_cutDirection":0},{"_time":230.5,"_lineIndex":1,"_lineLayer":0,"_type":0,"_cutDirection":1},{"_time":231,"_lineIndex":0,"_lineLayer":1,"_type":0,"_cutDirection":0},{"_time":231.5,"_lineIndex":2,"_lineLayer":1,"_type":0,"_cutDirection":3},{"_time":232,"_lineIndex":1,"_lineLayer":2,"_type":0,"_cutDirection":0},{"_time":232,"_lineIndex":2,"_lineLayer":2,"_type":1,"_cutDirection":0},{"_time":233,"_lineIndex":2,"_lineLayer":0,"_type":1,"_cutDirection":1},{"_time":233,"_lineIndex":1,"_lineLayer":0,"_type":0,"_cutDirection":1},{"_time":234,"_lineIndex":2,"_lineLayer":0,"_type":1,"_cutDirection":1},{"_time":234.5,"_lineIndex":1,"_lineLayer":0,"_type":0,"_cutDirection":1},{"_time":234.75,"_lineIndex":1,"_lineLayer":1,"_type":0,"_cutDirection":0},{"_time":235,"_lineIndex":3,"_lineLayer":1,"_type":1,"_cutDirection":8},{"_time":238,"_lineIndex":0,"_lineLayer":0,"_type":0,"_cutDirection":2},{"_time":238.25,"_lineIndex":3,"_lineLayer":0,"_type":1,"_cutDirection":3},{"_time":238.5,"_lineIndex":0,"_lineLayer":0,"_type":0,"_cutDirection":2},{"_time":240,"_lineIndex":3,"_lineLayer":0,"_type":1,"_cutDirection":3},{"_time":240.25,"_lineIndex":0,"_lineLayer":0,"_type":0,"_cutDirection":2},{"_time":240.5,"_lineIndex":3,"_lineLayer":0,"_type":1,"_cutDirection":3},{"_time":242,"_lineIndex":0,"_lineLayer":0,"_type":0,"_cutDirection":2},{"_time":242.25,"_lineIndex":3,"_lineLayer":0,"_type":1,"_cutDirection":3},{"_time":242.5,"_lineIndex":0,"_lineLayer":0,"_type":0,"_cutDirection":2},{"_time":246.5,"_lineIndex":3,"_lineLayer":2,"_type":1,"_cutDirection":0},{"_time":247.5,"_lineIndex":2,"_lineLayer":0,"_type":1,"_cutDirection":1},{"_time":247.5,"_lineIndex":1,"_lineLayer":0,"_type":0,"_cutDirection":1},{"_time":248,"_lineIndex":3,"_lineLayer":1,"_type":1,"_cutDirection":3},{"_time":248,"_lineIndex":0,"_lineLayer":1,"_type":0,"_cutDirection":2},{"_time":248.5,"_lineIndex":1,"_lineLayer":2,"_type":0,"_cutDirection":0},{"_time":248.5,"_lineIndex":2,"_lineLayer":2,"_type":1,"_cutDirection":0},{"_time":249.25,"_lineIndex":3,"_lineLayer":1,"_type":1,"_cutDirection":8},{"_time":249.25,"_lineIndex":0,"_lineLayer":1,"_type":0,"_cutDirection":8},{"_time":250.25,"_lineIndex":2,"_lineLayer":1,"_type":1,"_cutDirection":0},{"_time":250.25,"_lineIndex":1,"_lineLayer":1,"_type":0,"_cutDirection":0},{"_time":251,"_lineIndex":1,"_lineLayer":0,"_type":0,"_cutDirection":1},{"_time":251,"_lineIndex":2,"_lineLayer":0,"_type":1,"_cutDirection":1},{"_time":253.5,"_lineIndex":2,"_lineLayer":0,"_type":1,"_cutDirection":1},{"_time":254.5,"_lineIndex":0,"_lineLayer":1,"_type":0,"_cutDirection":2},{"_time":255,"_lineIndex":3,"_lineLayer":1,"_type":1,"_cutDirection":1},{"_time":255.75,"_lineIndex":2,"_lineLayer":1,"_type":1,"_cutDirection":0},{"_time":256.25,"_lineIndex":3,"_lineLayer":0,"_type":1,"_cutDirection":1},{"_time":257,"_lineIndex":1,"_lineLayer":0,"_type":0,"_cutDirection":2},{"_time":257.5,"_lineIndex":2,"_lineLayer":0,"_type":0,"_cutDirection":3},{"_time":258.25,"_lineIndex":3,"_lineLayer":1,"_type":1,"_cutDirection":0},{"_time":259,"_lineIndex":1,"_lineLayer":0,"_type":0,"_cutDirection":8},{"_time":261.5,"_lineIndex":2,"_lineLayer":2,"_type":1,"_cutDirection":0},{"_time":261.5,"_lineIndex":1,"_lineLayer":2,"_type":0,"_cutDirection":0},{"_time":262,"_lineIndex":3,"_lineLayer":1,"_type":1,"_cutDirection":3},{"_time":262,"_lineIndex":0,"_lineLayer":1,"_type":0,"_cutDirection":2},{"_time":263,"_lineIndex":0,"_lineLayer":0,"_type":0,"_cutDirection":1},{"_time":263,"_lineIndex":3,"_lineLayer":0,"_type":1,"_cutDirection":1},{"_time":263.5,"_lineIndex":2,"_lineLayer":2,"_type":1,"_cutDirection":0},{"_time":263.5,"_lineIndex":1,"_lineLayer":2,"_type":0,"_cutDirection":0},{"_time":264,"_lineIndex":3,"_lineLayer":1,"_type":1,"_cutDirection":3},{"_time":264,"_lineIndex":0,"_lineLayer":1,"_type":0,"_cutDirection":2},{"_time":265,"_lineIndex":0,"_lineLayer":0,"_type":0,"_cutDirection":1},{"_time":265,"_lineIndex":3,"_lineLayer":0,"_type":1,"_cutDirection":1},{"_time":267.5,"_lineIndex":2,"_lineLayer":0,"_type":1,"_cutDirection":1},{"_time":268,"_lineIndex":1,"_lineLayer":0,"_type":0,"_cutDirection":1},{"_time":268.5,"_lineIndex":2,"_lineLayer":0,"_type":1,"_cutDirection":0},{"_time":269,"_lineIndex":1,"_lineLayer":0,"_type":0,"_cutDirection":1},{"_time":269.5,"_lineIndex":1,"_lineLayer":1,"_type":0,"_cutDirection":8},{"_time":270.5,"_lineIndex":3,"_lineLayer":0,"_type":1,"_cutDirection":3},{"_time":271,"_lineIndex":2,"_lineLayer":0,"_type":1,"_cutDirection":2},{"_time":271.25,"_lineIndex":3,"_lineLayer":0,"_type":1,"_cutDirection":3},{"_time":271.5,"_lineIndex":2,"_lineLayer":1,"_type":1,"_cutDirection":0},{"_time":272.5,"_lineIndex":0,"_lineLayer":0,"_type":0,"_cutDirection":1},{"_time":272.75,"_lineIndex":1,"_lineLayer":0,"_type":0,"_cutDirection":0},{"_time":273,"_lineIndex":0,"_lineLayer":0,"_type":0,"_cutDirection":1},{"_time":273.5,"_lineIndex":0,"_lineLayer":1,"_type":0,"_cutDirection":0},{"_time":274.25,"_lineIndex":1,"_lineLayer":0,"_type":0,"_cutDirection":1},{"_time":275.5,"_lineIndex":3,"_lineLayer":0,"_type":1,"_cutDirection":1},{"_time":276,"_lineIndex":2,"_lineLayer":0,"_type":1,"_cutDirection":2},{"_time":276.5,"_lineIndex":3,"_lineLayer":0,"_type":1,"_cutDirection":1},{"_time":277,"_lineIndex":3,"_lineLayer":1,"_type":1,"_cutDirection":0},{"_time":277.5,"_lineIndex":2,"_lineLayer":0,"_type":1,"_cutDirection":1},{"_time":278.5,"_lineIndex":3,"_lineLayer":1,"_type":1,"_cutDirection":3},{"_time":278.5,"_lineIndex":0,"_lineLayer":1,"_type":0,"_cutDirection":2},{"_time":279,"_lineIndex":1,"_lineLayer":1,"_type":0,"_cutDirection":3},{"_time":279,"_lineIndex":2,"_lineLayer":1,"_type":1,"_cutDirection":2},{"_time":279.5,"_lineIndex":2,"_lineLayer":0,"_type":1,"_cutDirection":1},{"_time":279.5,"_lineIndex":1,"_lineLayer":0,"_type":0,"_cutDirection":1},{"_time":280.5,"_lineIndex":0,"_lineLayer":0,"_type":0,"_cutDirection":1},{"_time":280.75,"_lineIndex":1,"_lineLayer":2,"_type":0,"_cutDirection":0},{"_time":280.75,"_lineIndex":2,"_lineLayer":2,"_type":1,"_cutDirection":0},{"_time":281.5,"_lineIndex":3,"_lineLayer":1,"_type":1,"_cutDirection":3},{"_time":282,"_lineIndex":0,"_lineLayer":1,"_type":0,"_cutDirection":2},{"_time":283,"_lineIndex":2,"_lineLayer":0,"_type":1,"_cutDirection":1},{"_time":283,"_lineIndex":1,"_lineLayer":0,"_type":0,"_cutDirection":1},{"_time":286,"_lineIndex":3,"_lineLayer":0,"_type":1,"_cutDirection":3},{"_time":286.25,"_lineIndex":0,"_lineLayer":0,"_type":0,"_cutDirection":2},{"_time":286.5,"_lineIndex":3,"_lineLayer":0,"_type":1,"_cutDirection":3},{"_time":288,"_lineIndex":0,"_lineLayer":0,"_type":0,"_cutDirection":2},{"_time":288.25,"_lineIndex":3,"_lineLayer":0,"_type":1,"_cutDirection":3},{"_time":288.5,"_lineIndex":0,"_lineLayer":0,"_type":0,"_cutDirection":2},{"_time":290,"_lineIndex":3,"_lineLayer":0,"_type":1,"_cutDirection":3},{"_time":290.25,"_lineIndex":0,"_lineLayer":0,"_type":0,"_cutDirection":2},{"_time":290.5,"_lineIndex":3,"_lineLayer":0,"_type":1,"_cutDirection":3},{"_time":292,"_lineIndex":2,"_lineLayer":0,"_type":1,"_cutDirection":1},{"_time":292,"_lineIndex":1,"_lineLayer":0,"_type":0,"_cutDirection":1},{"_time":299.25,"_lineIndex":1,"_lineLayer":0,"_type":0,"_cutDirection":1},{"_time":299.5,"_lineIndex":2,"_lineLayer":0,"_type":1,"_cutDirection":1},{"_time":300,"_lineIndex":2,"_lineLayer":0,"_type":1,"_cutDirection":0},{"_time":300.25,"_lineIndex":1,"_lineLayer":0,"_type":0,"_cutDirection":0},{"_time":300.75,"_lineIndex":3,"_lineLayer":1,"_type":1,"_cutDirection":3},{"_time":300.75,"_lineIndex":0,"_lineLayer":1,"_type":0,"_cutDirection":2},{"_time":301.5,"_lineIndex":1,"_lineLayer":2,"_type":0,"_cutDirection":0},{"_time":301.5,"_lineIndex":2,"_lineLayer":2,"_type":1,"_cutDirection":0},{"_time":302.5,"_lineIndex":2,"_lineLayer":0,"_type":1,"_cutDirection":1},{"_time":303,"_lineIndex":1,"_lineLayer":0,"_type":0,"_cutDirection":1},{"_time":303.25,"_lineIndex":2,"_lineLayer":0,"_type":1,"_cutDirection":0},{"_time":304,"_lineIndex":1,"_lineLayer":0,"_type":0,"_cutDirection":0},{"_time":304.25,"_lineIndex":2,"_lineLayer":0,"_type":1,"_cutDirection":1},{"_time":304.5,"_lineIndex":1,"_lineLayer":0,"_type":0,"_cutDirection":1},{"_time":305.75,"_lineIndex":3,"_lineLayer":1,"_type":0,"_cutDirection":3},{"_time":305.75,"_lineIndex":0,"_lineLayer":1,"_type":1,"_cutDirection":2},{"_time":306.5,"_lineIndex":2,"_lineLayer":0,"_type":1,"_cutDirection":1},{"_time":307.25,"_lineIndex":1,"_lineLayer":0,"_type":0,"_cutDirection":1},{"_time":307.5,"_lineIndex":0,"_lineLayer":1,"_type":0,"_cutDirection":2},{"_time":307.75,"_lineIndex":1,"_lineLayer":0,"_type":0,"_cutDirection":1},{"_time":308.5,"_lineIndex":2,"_lineLayer":1,"_type":1,"_cutDirection":0},{"_time":309,"_lineIndex":2,"_lineLayer":0,"_type":1,"_cutDirection":1},{"_time":309.75,"_lineIndex":3,"_lineLayer":1,"_type":1,"_cutDirection":3},{"_time":310.5,"_lineIndex":2,"_lineLayer":0,"_type":1,"_cutDirection":1},{"_time":310.5,"_lineIndex":1,"_lineLayer":0,"_type":0,"_cutDirection":1},{"_time":315,"_lineIndex":1,"_lineLayer":0,"_type":0,"_cutDirection":1},{"_time":315,"_lineIndex":2,"_lineLayer":0,"_type":1,"_cutDirection":1},{"_time":315.5,"_lineIndex":2,"_lineLayer":0,"_type":1,"_cutDirection":0},{"_time":315.5,"_lineIndex":1,"_lineLayer":0,"_type":0,"_cutDirection":0},{"_time":316,"_lineIndex":2,"_lineLayer":0,"_type":1,"_cutDirection":1},{"_time":316,"_lineIndex":1,"_lineLayer":0,"_type":0,"_cutDirection":1},{"_time":316.5,"_lineIndex":3,"_lineLayer":1,"_type":1,"_cutDirection":3},{"_time":316.5,"_lineIndex":0,"_lineLayer":1,"_type":0,"_cutDirection":2},{"_time":317,"_lineIndex":2,"_lineLayer":0,"_type":1,"_cutDirection":1},{"_time":317,"_lineIndex":1,"_lineLayer":0,"_type":0,"_cutDirection":1},{"_time":318.25,"_lineIndex":1,"_lineLayer":0,"_type":0,"_cutDirection":1},{"_time":318.5,"_lineIndex":2,"_lineLayer":0,"_type":1,"_cutDirection":1},{"_time":318.75,"_lineIndex":1,"_lineLayer":0,"_type":0,"_cutDirection":0},{"_time":319,"_lineIndex":0,"_lineLayer":1,"_type":0,"_cutDirection":2},{"_time":319,"_lineIndex":3,"_lineLayer":1,"_type":1,"_cutDirection":3},{"_time":319.5,"_lineIndex":2,"_lineLayer":1,"_type":1,"_cutDirection":2},{"_time":319.5,"_lineIndex":1,"_lineLayer":1,"_type":0,"_cutDirection":3},{"_time":320,"_lineIndex":1,"_lineLayer":0,"_type":0,"_cutDirection":1},{"_time":320,"_lineIndex":2,"_lineLayer":0,"_type":1,"_cutDirection":1},{"_time":320.25,"_lineIndex":1,"_lineLayer":1,"_type":0,"_cutDirection":3},{"_time":320.5,"_lineIndex":2,"_lineLayer":1,"_type":1,"_cutDirection":2},{"_time":322.75,"_lineIndex":2,"_lineLayer":2,"_type":1,"_cutDirection":0},{"_time":322.75,"_lineIndex":1,"_lineLayer":2,"_type":0,"_cutDirection":0},{"_time":323.25,"_lineIndex":1,"_lineLayer":0,"_type":0,"_cutDirection":1},{"_time":323.5,"_lineIndex":2,"_lineLayer":0,"_type":1,"_cutDirection":1},{"_time":324,"_lineIndex":2,"_lineLayer":0,"_type":1,"_cutDirection":0},{"_time":324.25,"_lineIndex":1,"_lineLayer":0,"_type":0,"_cutDirection":0},{"_time":324.5,"_lineIndex":2,"_lineLayer":1,"_type":1,"_cutDirection":1},{"_time":326.5,"_lineIndex":3,"_lineLayer":1,"_type":0,"_cutDirection":3},{"_time":326.5,"_lineIndex":0,"_lineLayer":1,"_type":1,"_cutDirection":2},{"_time":327,"_lineIndex":1,"_lineLayer":2,"_type":0,"_cutDirection":0},{"_time":327,"_lineIndex":2,"_lineLayer":2,"_type":1,"_cutDirection":0},{"_time":327.5,"_lineIndex":2,"_lineLayer":0,"_type":1,"_cutDirection":1},{"_time":327.75,"_lineIndex":1,"_lineLayer":0,"_type":0,"_cutDirection":1},{"_time":328,"_lineIndex":2,"_lineLayer":1,"_type":1,"_cutDirection":0},{"_time":328,"_lineIndex":1,"_lineLayer":1,"_type":0,"_cutDirection":0},{"_time":328.5,"_lineIndex":2,"_lineLayer":1,"_type":1,"_cutDirection":2},{"_time":328.5,"_lineIndex":1,"_lineLayer":1,"_type":0,"_cutDirection":3},{"_time":329.5,"_lineIndex":0,"_lineLayer":1,"_type":0,"_cutDirection":2},{"_time":329.5,"_lineIndex":3,"_lineLayer":1,"_type":1,"_cutDirection":3},{"_time":330,"_lineIndex":2,"_lineLayer":2,"_type":1,"_cutDirection":0},{"_time":330,"_lineIndex":1,"_lineLayer":2,"_type":0,"_cutDirection":0},{"_time":332.25,"_lineIndex":1,"_lineLayer":0,"_type":0,"_cutDirection":1},{"_time":332.5,"_lineIndex":2,"_lineLayer":0,"_type":1,"_cutDirection":1},{"_time":333,"_lineIndex":3,"_lineLayer":1,"_type":1,"_cutDirection":3},{"_time":333,"_lineIndex":0,"_lineLayer":1,"_type":0,"_cutDirection":2},{"_time":334,"_lineIndex":1,"_lineLayer":0,"_type":0,"_cutDirection":1},{"_time":334,"_lineIndex":2,"_lineLayer":0,"_type":1,"_cutDirection":1},{"_time":335.25,"_lineIndex":2,"_lineLayer":1,"_type":1,"_cutDirection":2},{"_time":335.25,"_lineIndex":1,"_lineLayer":1,"_type":0,"_cutDirection":3},{"_time":335.75,"_lineIndex":0,"_lineLayer":1,"_type":0,"_cutDirection":2},{"_time":335.75,"_lineIndex":3,"_lineLayer":1,"_type":1,"_cutDirection":3},{"_time":336.75,"_lineIndex":2,"_lineLayer":1,"_type":1,"_cutDirection":0},{"_time":336.75,"_lineIndex":1,"_lineLayer":1,"_type":0,"_cutDirection":0},{"_time":337.75,"_lineIndex":1,"_lineLayer":0,"_type":0,"_cutDirection":1},{"_time":337.75,"_lineIndex":2,"_lineLayer":0,"_type":1,"_cutDirection":1},{"_time":338.75,"_lineIndex":3,"_lineLayer":2,"_type":1,"_cutDirection":0},{"_time":338.75,"_lineIndex":0,"_lineLayer":2,"_type":0,"_cutDirection":0},{"_time":339.5,"_lineIndex":1,"_lineLayer":0,"_type":0,"_cutDirection":1},{"_time":340,"_lineIndex":2,"_lineLayer":0,"_type":1,"_cutDirection":1},{"_time":340.5,"_lineIndex":2,"_lineLayer":1,"_type":1,"_cutDirection":0},{"_time":341.25,"_lineIndex":3,"_lineLayer":0,"_type":1,"_cutDirection":3},{"_time":342,"_lineIndex":2,"_lineLayer":0,"_type":1,"_cutDirection":1},{"_time":343.25,"_lineIndex":2,"_lineLayer":0,"_type":1,"_cutDirection":1},{"_time":343.25,"_lineIndex":1,"_lineLayer":0,"_type":0,"_cutDirection":1},{"_time":343.75,"_lineIndex":1,"_lineLayer":1,"_type":0,"_cutDirection":0},{"_time":343.75,"_lineIndex":2,"_lineLayer":1,"_type":1,"_cutDirection":0},{"_time":344.75,"_lineIndex":2,"_lineLayer":2,"_type":1,"_cutDirection":0},{"_time":344.75,"_lineIndex":1,"_lineLayer":2,"_type":0,"_cutDirection":0},{"_time":345.75,"_lineIndex":0,"_lineLayer":1,"_type":0,"_cutDirection":2},{"_time":345.75,"_lineIndex":3,"_lineLayer":1,"_type":1,"_cutDirection":3},{"_time":346.25,"_lineIndex":2,"_lineLayer":0,"_type":1,"_cutDirection":1},{"_time":346.75,"_lineIndex":1,"_lineLayer":0,"_type":0,"_cutDirection":1},{"_time":347,"_lineIndex":2,"_lineLayer":0,"_type":1,"_cutDirection":8},{"_time":347.25,"_lineIndex":1,"_lineLayer":0,"_type":0,"_cutDirection":8},{"_time":347.75,"_lineIndex":2,"_lineLayer":0,"_type":1,"_cutDirection":8},{"_time":348,"_lineIndex":1,"_lineLayer":0,"_type":0,"_cutDirection":8},{"_time":348.25,"_lineIndex":2,"_lineLayer":0,"_type":1,"_cutDirection":8},{"_time":348.75,"_lineIndex":3,"_lineLayer":0,"_type":1,"_cutDirection":3},{"_time":349,"_lineIndex":0,"_lineLayer":0,"_type":0,"_cutDirection":2},{"_time":349.25,"_lineIndex":3,"_lineLayer":0,"_type":1,"_cutDirection":3},{"_time":349.75,"_lineIndex":0,"_lineLayer":0,"_type":0,"_cutDirection":2},{"_time":350,"_lineIndex":3,"_lineLayer":0,"_type":1,"_cutDirection":3},{"_time":350.25,"_lineIndex":0,"_lineLayer":0,"_type":0,"_cutDirection":2},{"_time":351,"_lineIndex":2,"_lineLayer":2,"_type":1,"_cutDirection":0},{"_time":351,"_lineIndex":1,"_lineLayer":2,"_type":0,"_cutDirection":0},{"_time":352.5,"_lineIndex":3,"_lineLayer":1,"_type":1,"_cutDirection":3},{"_time":352.5,"_lineIndex":0,"_lineLayer":1,"_type":0,"_cutDirection":2},{"_time":353.25,"_lineIndex":1,"_lineLayer":0,"_type":0,"_cutDirection":1},{"_time":353.75,"_lineIndex":2,"_lineLayer":0,"_type":1,"_cutDirection":1},{"_time":354.5,"_lineIndex":2,"_lineLayer":0,"_type":1,"_cutDirection":1},{"_time":354.5,"_lineIndex":1,"_lineLayer":0,"_type":0,"_cutDirection":1},{"_time":357.5,"_lineIndex":1,"_lineLayer":2,"_type":0,"_cutDirection":0},{"_time":357.75,"_lineIndex":2,"_lineLayer":2,"_type":1,"_cutDirection":0},{"_time":358,"_lineIndex":3,"_lineLayer":1,"_type":1,"_cutDirection":3},{"_time":358.25,"_lineIndex":1,"_lineLayer":0,"_type":0,"_cutDirection":1},{"_time":358.5,"_lineIndex":2,"_lineLayer":0,"_type":1,"_cutDirection":2},{"_time":359.5,"_lineIndex":1,"_lineLayer":0,"_type":0,"_cutDirection":1},{"_time":359.75,"_lineIndex":2,"_lineLayer":0,"_type":1,"_cutDirection":1},{"_time":360,"_lineIndex":1,"_lineLayer":0,"_type":1,"_cutDirection":0},{"_time":360.75,"_lineIndex":2,"_lineLayer":2,"_type":1,"_cutDirection":0},{"_time":360.75,"_lineIndex":1,"_lineLayer":2,"_type":0,"_cutDirection":0},{"_time":361.25,"_lineIndex":0,"_lineLayer":1,"_type":0,"_cutDirection":2},{"_time":361.25,"_lineIndex":3,"_lineLayer":1,"_type":1,"_cutDirection":3},{"_time":362,"_lineIndex":2,"_lineLayer":0,"_type":1,"_cutDirection":1},{"_time":362,"_lineIndex":1,"_lineLayer":0,"_type":0,"_cutDirection":1},{"_time":362.25,"_lineIndex":2,"_lineLayer":2,"_type":1,"_cutDirection":0},{"_time":362.25,"_lineIndex":1,"_lineLayer":2,"_type":0,"_cutDirection":0},{"_time":364.25,"_lineIndex":2,"_lineLayer":2,"_type":1,"_cutDirection":0},{"_time":364.25,"_lineIndex":1,"_lineLayer":2,"_type":0,"_cutDirection":0},{"_time":365.25,"_lineIndex":3,"_lineLayer":1,"_type":1,"_cutDirection":3},{"_time":365.25,"_lineIndex":0,"_lineLayer":1,"_type":0,"_cutDirection":2},{"_time":367,"_lineIndex":1,"_lineLayer":0,"_type":0,"_cutDirection":0},{"_time":367,"_lineIndex":2,"_lineLayer":0,"_type":1,"_cutDirection":0},{"_time":367.75,"_lineIndex":2,"_lineLayer":0,"_type":1,"_cutDirection":1},{"_time":367.75,"_lineIndex":1,"_lineLayer":0,"_type":0,"_cutDirection":1},{"_time":368.5,"_lineIndex":3,"_lineLayer":1,"_type":0,"_cutDirection":3},{"_time":369.5,"_lineIndex":0,"_lineLayer":1,"_type":1,"_cutDirection":2},{"_time":371.5,"_lineIndex":2,"_lineLayer":0,"_type":1,"_cutDirection":1},{"_time":372,"_lineIndex":1,"_lineLayer":0,"_type":0,"_cutDirection":1},{"_time":372.5,"_lineIndex":3,"_lineLayer":1,"_type":1,"_cutDirection":3},{"_time":373.25,"_lineIndex":0,"_lineLayer":1,"_type":0,"_cutDirection":4},{"_time":374,"_lineIndex":3,"_lineLayer":1,"_type":1,"_cutDirection":5},{"_time":375,"_lineIndex":2,"_lineLayer":0,"_type":1,"_cutDirection":1},{"_time":375,"_lineIndex":1,"_lineLayer":0,"_type":0,"_cutDirection":1},{"_time":375.75,"_lineIndex":1,"_lineLayer":1,"_type":0,"_cutDirection":0},{"_time":375.75,"_lineIndex":2,"_lineLayer":1,"_type":1,"_cutDirection":0},{"_time":376.75,"_lineIndex":2,"_lineLayer":2,"_type":1,"_cutDirection":0},{"_time":376.75,"_lineIndex":1,"_lineLayer":2,"_type":0,"_cutDirection":0},{"_time":377.75,"_lineIndex":3,"_lineLayer":1,"_type":0,"_cutDirection":3},{"_time":378.5,"_lineIndex":0,"_lineLayer":1,"_type":1,"_cutDirection":2},{"_time":379,"_lineIndex":2,"_lineLayer":0,"_type":1,"_cutDirection":1},{"_time":382,"_lineIndex":1,"_lineLayer":0,"_type":0,"_cutDirection":0},{"_time":382,"_lineIndex":2,"_lineLayer":0,"_type":1,"_cutDirection":0},{"_time":382.75,"_lineIndex":2,"_lineLayer":0,"_type":1,"_cutDirection":1},{"_time":382.75,"_lineIndex":1,"_lineLayer":0,"_type":0,"_cutDirection":1},{"_time":383,"_lineIndex":0,"_lineLayer":2,"_type":0,"_cutDirection":8},{"_time":383,"_lineIndex":3,"_lineLayer":1,"_type":1,"_cutDirection":8},{"_time":383,"_lineIndex":3,"_lineLayer":2,"_type":1,"_cutDirection":8},{"_time":383,"_lineIndex":0,"_lineLayer":1,"_type":0,"_cutDirection":8},{"_time":384.5,"_lineIndex":2,"_lineLayer":0,"_type":1,"_cutDirection":1},{"_time":385.25,"_lineIndex":1,"_lineLayer":0,"_type":0,"_cutDirection":1},{"_time":385.75,"_lineIndex":2,"_lineLayer":0,"_type":1,"_cutDirection":1},{"_time":386.5,"_lineIndex":1,"_lineLayer":0,"_type":0,"_cutDirection":1},{"_time":389.5,"_lineIndex":1,"_lineLayer":2,"_type":0,"_cutDirection":0},{"_time":389.75,"_lineIndex":2,"_lineLayer":2,"_type":1,"_cutDirection":0},{"_time":390,"_lineIndex":3,"_lineLayer":1,"_type":1,"_cutDirection":3},{"_time":390,"_lineIndex":1,"_lineLayer":0,"_type":0,"_cutDirection":1},{"_time":390.25,"_lineIndex":2,"_lineLayer":0,"_type":1,"_cutDirection":1},{"_time":391.75,"_lineIndex":2,"_lineLayer":0,"_type":1,"_cutDirection":1},{"_time":392.25,"_lineIndex":1,"_lineLayer":0,"_type":0,"_cutDirection":1},{"_time":393,"_lineIndex":1,"_lineLayer":2,"_type":0,"_cutDirection":0},{"_time":393,"_lineIndex":2,"_lineLayer":2,"_type":1,"_cutDirection":0},{"_time":393.75,"_lineIndex":3,"_lineLayer":1,"_type":1,"_cutDirection":3},{"_time":393.75,"_lineIndex":0,"_lineLayer":1,"_type":0,"_cutDirection":2},{"_time":394.5,"_lineIndex":2,"_lineLayer":0,"_type":1,"_cutDirection":1},{"_time":395,"_lineIndex":1,"_lineLayer":0,"_type":0,"_cutDirection":1},{"_time":398,"_lineIndex":0,"_lineLayer":0,"_type":0,"_cutDirection":1},{"_time":398.75,"_lineIndex":1,"_lineLayer":0,"_type":0,"_cutDirection":1},{"_time":398.75,"_lineIndex":2,"_lineLayer":0,"_type":1,"_cutDirection":1},{"_time":399,"_lineIndex":2,"_lineLayer":2,"_type":1,"_cutDirection":0},{"_time":399,"_lineIndex":1,"_lineLayer":2,"_type":0,"_cutDirection":0},{"_time":400,"_lineIndex":3,"_lineLayer":1,"_type":1,"_cutDirection":3},{"_time":400,"_lineIndex":0,"_lineLayer":1,"_type":0,"_cutDirection":2},{"_time":401,"_lineIndex":1,"_lineLayer":0,"_type":0,"_cutDirection":1},{"_time":401,"_lineIndex":2,"_lineLayer":0,"_type":1,"_cutDirection":1},{"_time":402,"_lineIndex":2,"_lineLayer":1,"_type":1,"_cutDirection":0},{"_time":402,"_lineIndex":1,"_lineLayer":1,"_type":0,"_cutDirection":0},{"_time":402.5,"_lineIndex":2,"_lineLayer":0,"_type":1,"_cutDirection":1},{"_time":402.5,"_lineIndex":1,"_lineLayer":0,"_type":0,"_cutDirection":1},{"_time":405.5,"_lineIndex":1,"_lineLayer":2,"_type":0,"_cutDirection":0},{"_time":405.75,"_lineIndex":2,"_lineLayer":2,"_type":1,"_cutDirection":0},{"_time":406,"_lineIndex":3,"_lineLayer":1,"_type":1,"_cutDirection":3},{"_time":406.25,"_lineIndex":1,"_lineLayer":0,"_type":0,"_cutDirection":1},{"_time":406.5,"_lineIndex":2,"_lineLayer":0,"_type":1,"_cutDirection":1},{"_time":408.5,"_lineIndex":3,"_lineLayer":1,"_type":1,"_cutDirection":3},{"_time":408.5,"_lineIndex":0,"_lineLayer":1,"_type":0,"_cutDirection":2},{"_time":409,"_lineIndex":1,"_lineLayer":1,"_type":0,"_cutDirection":3},{"_time":409,"_lineIndex":2,"_lineLayer":1,"_type":1,"_cutDirection":2},{"_time":410.5,"_lineIndex":2,"_lineLayer":0,"_type":1,"_cutDirection":1},{"_time":410.5,"_lineIndex":1,"_lineLayer":0,"_type":0,"_cutDirection":1},{"_time":411,"_lineIndex":1,"_lineLayer":1,"_type":0,"_cutDirection":0},{"_time":411.25,"_lineIndex":2,"_lineLayer":1,"_type":1,"_cutDirection":0},{"_time":411.5,"_lineIndex":0,"_lineLayer":1,"_type":0,"_cutDirection":2},{"_time":411.75,"_lineIndex":3,"_lineLayer":1,"_type":1,"_cutDirection":3},{"_time":412,"_lineIndex":2,"_lineLayer":0,"_type":1,"_cutDirection":1},{"_time":412.25,"_lineIndex":1,"_lineLayer":0,"_type":0,"_cutDirection":1},{"_time":412.75,"_lineIndex":2,"_lineLayer":0,"_type":1,"_cutDirection":0},{"_time":413,"_lineIndex":1,"_lineLayer":2,"_type":0,"_cutDirection":0},{"_time":414.5,"_lineIndex":3,"_lineLayer":2,"_type":1,"_cutDirection":0},{"_time":414.5,"_lineIndex":0,"_lineLayer":2,"_type":0,"_cutDirection":0},{"_time":415,"_lineIndex":1,"_lineLayer":1,"_type":0,"_cutDirection":1},{"_time":415.25,"_lineIndex":2,"_lineLayer":1,"_type":1,"_cutDirection":1},{"_time":415.5,"_lineIndex":0,"_lineLayer":1,"_type":0,"_cutDirection":2},{"_time":415.75,"_lineIndex":3,"_lineLayer":1,"_type":1,"_cutDirection":3},{"_time":416,"_lineIndex":2,"_lineLayer":0,"_type":1,"_cutDirection":1},{"_time":416.25,"_lineIndex":1,"_lineLayer":0,"_type":0,"_cutDirection":1},{"_time":416.75,"_lineIndex":2,"_lineLayer":0,"_type":1,"_cutDirection":0},{"_time":417,"_lineIndex":1,"_lineLayer":2,"_type":0,"_cutDirection":0},{"_time":418.5,"_lineIndex":3,"_lineLayer":2,"_type":1,"_cutDirection":5},{"_time":418.5,"_lineIndex":0,"_lineLayer":2,"_type":0,"_cutDirection":4},{"_time":419,"_lineIndex":1,"_lineLayer":1,"_type":0,"_cutDirection":1},{"_time":419.25,"_lineIndex":2,"_lineLayer":1,"_type":1,"_cutDirection":1},{"_time":419.5,"_lineIndex":0,"_lineLayer":1,"_type":0,"_cutDirection":2},{"_time":419.75,"_lineIndex":3,"_lineLayer":1,"_type":1,"_cutDirection":3},{"_time":420,"_lineIndex":2,"_lineLayer":0,"_type":1,"_cutDirection":1},{"_time":420.25,"_lineIndex":1,"_lineLayer":0,"_type":0,"_cutDirection":1},{"_time":420.75,"_lineIndex":2,"_lineLayer":0,"_type":1,"_cutDirection":1},{"_time":421,"_lineIndex":1,"_lineLayer":2,"_type":0,"_cutDirection":0},{"_time":423,"_lineIndex":1,"_lineLayer":1,"_type":0,"_cutDirection":1},{"_time":423.25,"_lineIndex":2,"_lineLayer":1,"_type":1,"_cutDirection":1},{"_time":423.5,"_lineIndex":0,"_lineLayer":1,"_type":0,"_cutDirection":2},{"_time":423.75,"_lineIndex":3,"_lineLayer":1,"_type":1,"_cutDirection":3},{"_time":424,"_lineIndex":2,"_lineLayer":0,"_type":1,"_cutDirection":1},{"_time":424.25,"_lineIndex":1,"_lineLayer":0,"_type":0,"_cutDirection":1},{"_time":424.75,"_lineIndex":2,"_lineLayer":0,"_type":1,"_cutDirection":1},{"_time":425,"_lineIndex":1,"_lineLayer":1,"_type":0,"_cutDirection":1},{"_time":425.25,"_lineIndex":2,"_lineLayer":1,"_type":1,"_cutDirection":0},{"_time":425.5,"_lineIndex":0,"_lineLayer":1,"_type":0,"_cutDirection":2},{"_time":425.75,"_lineIndex":3,"_lineLayer":1,"_type":1,"_cutDirection":3},{"_time":426,"_lineIndex":2,"_lineLayer":0,"_type":1,"_cutDirection":1},{"_time":426.25,"_lineIndex":1,"_lineLayer":0,"_type":0,"_cutDirection":1},{"_time":426.75,"_lineIndex":2,"_lineLayer":0,"_type":1,"_cutDirection":1},{"_time":427,"_lineIndex":1,"_lineLayer":1,"_type":0,"_cutDirection":1},{"_time":427.25,"_lineIndex":2,"_lineLayer":1,"_type":1,"_cutDirection":0},{"_time":427.5,"_lineIndex":0,"_lineLayer":1,"_type":0,"_cutDirection":2},{"_time":427.75,"_lineIndex":3,"_lineLayer":1,"_type":1,"_cutDirection":3},{"_time":428,"_lineIndex":2,"_lineLayer":0,"_type":1,"_cutDirection":1},{"_time":428.25,"_lineIndex":1,"_lineLayer":0,"_type":0,"_cutDirection":1},{"_time":428.75,"_lineIndex":2,"_lineLayer":0,"_type":1,"_cutDirection":1},{"_time":429,"_lineIndex":1,"_lineLayer":2,"_type":0,"_cutDirection":0},{"_time":431,"_lineIndex":1,"_lineLayer":1,"_type":0,"_cutDirection":1},{"_time":431.25,"_lineIndex":2,"_lineLayer":1,"_type":1,"_cutDirection":1},{"_time":431.5,"_lineIndex":0,"_lineLayer":1,"_type":0,"_cutDirection":2},{"_time":431.75,"_lineIndex":3,"_lineLayer":1,"_type":1,"_cutDirection":3},{"_time":432,"_lineIndex":2,"_lineLayer":0,"_type":1,"_cutDirection":1},{"_time":432.25,"_lineIndex":1,"_lineLayer":0,"_type":0,"_cutDirection":1},{"_time":432.75,"_lineIndex":2,"_lineLayer":0,"_type":1,"_cutDirection":1},{"_time":433,"_lineIndex":1,"_lineLayer":1,"_type":0,"_cutDirection":1},{"_time":433.25,"_lineIndex":2,"_lineLayer":1,"_type":1,"_cutDirection":0},{"_time":433.5,"_lineIndex":0,"_lineLayer":1,"_type":0,"_cutDirection":2},{"_time":433.75,"_lineIndex":3,"_lineLayer":1,"_type":1,"_cutDirection":3},{"_time":434,"_lineIndex":2,"_lineLayer":0,"_type":1,"_cutDirection":1},{"_time":434.25,"_lineIndex":1,"_lineLayer":0,"_type":0,"_cutDirection":1},{"_time":434.75,"_lineIndex":2,"_lineLayer":0,"_type":1,"_cutDirection":1},{"_time":435,"_lineIndex":1,"_lineLayer":1,"_type":0,"_cutDirection":1},{"_time":435.25,"_lineIndex":2,"_lineLayer":1,"_type":1,"_cutDirection":1},{"_time":435.5,"_lineIndex":0,"_lineLayer":1,"_type":0,"_cutDirection":2},{"_time":435.75,"_lineIndex":3,"_lineLayer":1,"_type":1,"_cutDirection":3},{"_time":436,"_lineIndex":2,"_lineLayer":0,"_type":1,"_cutDirection":1},{"_time":436.25,"_lineIndex":1,"_lineLayer":0,"_type":0,"_cutDirection":1},{"_time":436.75,"_lineIndex":2,"_lineLayer":0,"_type":1,"_cutDirection":1},{"_time":437,"_lineIndex":1,"_lineLayer":2,"_type":0,"_cutDirection":0},{"_time":439,"_lineIndex":0,"_lineLayer":2,"_type":0,"_cutDirection":4},{"_time":439,"_lineIndex":3,"_lineLayer":2,"_type":1,"_cutDirection":5},{"_time":440,"_lineIndex":2,"_lineLayer":0,"_type":1,"_cutDirection":1},{"_time":440,"_lineIndex":1,"_lineLayer":0,"_type":0,"_cutDirection":1},{"_time":440.5,"_lineIndex":0,"_lineLayer":1,"_type":0,"_cutDirection":2},{"_time":440.5,"_lineIndex":3,"_lineLayer":1,"_type":1,"_cutDirection":3},{"_time":441,"_lineIndex":2,"_lineLayer":2,"_type":1,"_cutDirection":0},{"_time":441,"_lineIndex":1,"_lineLayer":2,"_type":0,"_cutDirection":0},{"_time":442,"_lineIndex":3,"_lineLayer":1,"_type":1,"_cutDirection":3},{"_time":442,"_lineIndex":0,"_lineLayer":1,"_type":0,"_cutDirection":2},{"_time":442.5,"_lineIndex":2,"_lineLayer":0,"_type":1,"_cutDirection":1},{"_time":443,"_lineIndex":1,"_lineLayer":0,"_type":0,"_cutDirection":1},{"_time":446,"_lineIndex":2,"_lineLayer":0,"_type":1,"_cutDirection":1},{"_time":446,"_lineIndex":1,"_lineLayer":0,"_type":0,"_cutDirection":1},{"_time":447,"_lineIndex":0,"_lineLayer":1,"_type":0,"_cutDirection":2},{"_time":447,"_lineIndex":3,"_lineLayer":1,"_type":1,"_cutDirection":3},{"_time":447.5,"_lineIndex":2,"_lineLayer":2,"_type":1,"_cutDirection":0},{"_time":447.5,"_lineIndex":1,"_lineLayer":2,"_type":0,"_cutDirection":0},{"_time":448,"_lineIndex":0,"_lineLayer":1,"_type":0,"_cutDirection":2},{"_time":448,"_lineIndex":3,"_lineLayer":1,"_type":1,"_cutDirection":3},{"_time":448.5,"_lineIndex":2,"_lineLayer":1,"_type":1,"_cutDirection":2},{"_time":448.5,"_lineIndex":1,"_lineLayer":1,"_type":0,"_cutDirection":3},{"_time":449.5,"_lineIndex":2,"_lineLayer":0,"_type":1,"_cutDirection":1},{"_time":450,"_lineIndex":1,"_lineLayer":0,"_type":0,"_cutDirection":1},{"_time":451,"_lineIndex":3,"_lineLayer":0,"_type":1,"_cutDirection":3},{"_time":451,"_lineIndex":0,"_lineLayer":0,"_type":0,"_cutDirection":2},{"_time":453.5,"_lineIndex":1,"_lineLayer":2,"_type":0,"_cutDirection":0},{"_time":453.75,"_lineIndex":2,"_lineLayer":2,"_type":1,"_cutDirection":0},{"_time":454,"_lineIndex":3,"_lineLayer":1,"_type":1,"_cutDirection":3},{"_time":454.25,"_lineIndex":1,"_lineLayer":0,"_type":0,"_cutDirection":1},{"_time":454.5,"_lineIndex":2,"_lineLayer":0,"_type":1,"_cutDirection":1},{"_time":457,"_lineIndex":2,"_lineLayer":2,"_type":1,"_cutDirection":0},{"_time":457,"_lineIndex":1,"_lineLayer":2,"_type":0,"_cutDirection":0},{"_time":460,"_lineIndex":2,"_lineLayer":0,"_type":0,"_cutDirection":1},{"_time":460.5,"_lineIndex":0,"_lineLayer":1,"_type":0,"_cutDirection":2},{"_time":461,"_lineIndex":3,"_lineLayer":1,"_type":1,"_cutDirection":3},{"_time":461.25,"_lineIndex":1,"_lineLayer":0,"_type":0,"_cutDirection":1},{"_time":461.25,"_lineIndex":2,"_lineLayer":0,"_type":1,"_cutDirection":1},{"_time":462.5,"_lineIndex":1,"_lineLayer":0,"_type":0,"_cutDirection":1},{"_time":463.5,"_lineIndex":3,"_lineLayer":1,"_type":1,"_cutDirection":3},{"_time":463.5,"_lineIndex":0,"_lineLayer":1,"_type":0,"_cutDirection":2},{"_time":464,"_lineIndex":1,"_lineLayer":1,"_type":0,"_cutDirection":3},{"_time":464,"_lineIndex":2,"_lineLayer":1,"_type":1,"_cutDirection":2},{"_time":465,"_lineIndex":2,"_lineLayer":1,"_type":1,"_cutDirection":0},{"_time":465,"_lineIndex":1,"_lineLayer":1,"_type":0,"_cutDirection":0},{"_time":466,"_lineIndex":1,"_lineLayer":0,"_type":0,"_cutDirection":1},{"_time":466,"_lineIndex":2,"_lineLayer":0,"_type":1,"_cutDirection":1},{"_time":467,"_lineIndex":0,"_lineLayer":2,"_type":0,"_cutDirection":4},{"_time":468,"_lineIndex":1,"_lineLayer":0,"_type":0,"_cutDirection":6},{"_time":468.5,"_lineIndex":2,"_lineLayer":0,"_type":1,"_cutDirection":7},{"_time":469,"_lineIndex":1,"_lineLayer":0,"_type":0,"_cutDirection":6},{"_time":469.5,"_lineIndex":2,"_lineLayer":0,"_type":1,"_cutDirection":7},{"_time":470,"_lineIndex":2,"_lineLayer":0,"_type":1,"_cutDirection":1},{"_time":470,"_lineIndex":1,"_lineLayer":0,"_type":0,"_cutDirection":1},{"_time":471.5,"_lineIndex":0,"_lineLayer":0,"_type":0,"_cutDirection":2},{"_time":472,"_lineIndex":3,"_lineLayer":1,"_type":1,"_cutDirection":3},{"_time":473,"_lineIndex":2,"_lineLayer":2,"_type":1,"_cutDirection":0},{"_time":473,"_lineIndex":1,"_lineLayer":2,"_type":0,"_cutDirection":0},{"_time":474,"_lineIndex":3,"_lineLayer":1,"_type":1,"_cutDirection":3},{"_time":474,"_lineIndex":0,"_lineLayer":1,"_type":0,"_cutDirection":2},{"_time":474.5,"_lineIndex":2,"_lineLayer":0,"_type":1,"_cutDirection":1},{"_time":475,"_lineIndex":1,"_lineLayer":0,"_type":0,"_cutDirection":1},{"_time":478,"_lineIndex":3,"_lineLayer":1,"_type":1,"_cutDirection":3},{"_time":478,"_lineIndex":0,"_lineLayer":1,"_type":0,"_cutDirection":2},{"_time":479,"_lineIndex":2,"_lineLayer":0,"_type":1,"_cutDirection":1},{"_time":479,"_lineIndex":1,"_lineLayer":0,"_type":0,"_cutDirection":1},{"_time":479.5,"_lineIndex":1,"_lineLayer":2,"_type":0,"_cutDirection":0},{"_time":479.5,"_lineIndex":2,"_lineLayer":2,"_type":1,"_cutDirection":0},{"_time":480.5,"_lineIndex":0,"_lineLayer":1,"_type":0,"_cutDirection":2},{"_time":480.5,"_lineIndex":3,"_lineLayer":1,"_type":1,"_cutDirection":3},{"_time":481.5,"_lineIndex":1,"_lineLayer":0,"_type":0,"_cutDirection":1},{"_time":482,"_lineIndex":2,"_lineLayer":0,"_type":1,"_cutDirection":1},{"_time":483,"_lineIndex":0,"_lineLayer":0,"_type":0,"_cutDirection":2},{"_time":483,"_lineIndex":3,"_lineLayer":0,"_type":1,"_cutDirection":3},{"_time":485.5,"_lineIndex":1,"_lineLayer":2,"_type":0,"_cutDirection":0},{"_time":485.75,"_lineIndex":2,"_lineLayer":2,"_type":1,"_cutDirection":0},{"_time":486,"_lineIndex":3,"_lineLayer":1,"_type":1,"_cutDirection":3},{"_time":486.25,"_lineIndex":1,"_lineLayer":0,"_type":0,"_cutDirection":1},{"_time":486.5,"_lineIndex":2,"_lineLayer":0,"_type":1,"_cutDirection":1},{"_time":501.5,"_lineIndex":1,"_lineLayer":2,"_type":0,"_cutDirection":0},{"_time":501.75,"_lineIndex":2,"_lineLayer":2,"_type":1,"_cutDirection":0},{"_time":502,"_lineIndex":3,"_lineLayer":1,"_type":1,"_cutDirection":3},{"_time":502.25,"_lineIndex":1,"_lineLayer":0,"_type":0,"_cutDirection":1},{"_time":502.5,"_lineIndex":2,"_lineLayer":0,"_type":1,"_cutDirection":1},{"_time":524.5,"_lineIndex":3,"_lineLayer":1,"_type":1,"_cutDirection":3},{"_time":525,"_lineIndex":0,"_lineLayer":1,"_type":0,"_cutDirection":2},{"_time":525.5,"_lineIndex":1,"_lineLayer":0,"_type":0,"_cutDirection":1},{"_time":525.5,"_lineIndex":2,"_lineLayer":0,"_type":1,"_cutDirection":1},{"_time":526.5,"_lineIndex":3,"_lineLayer":0,"_type":1,"_cutDirection":3},{"_time":526.5,"_lineIndex":0,"_lineLayer":0,"_type":0,"_cutDirection":2},{"_time":527.5,"_lineIndex":1,"_lineLayer":1,"_type":0,"_cutDirection":3},{"_time":527.5,"_lineIndex":2,"_lineLayer":1,"_type":1,"_cutDirection":2},{"_time":528,"_lineIndex":3,"_lineLayer":1,"_type":1,"_cutDirection":3},{"_time":528,"_lineIndex":0,"_lineLayer":1,"_type":0,"_cutDirection":2},{"_time":529,"_lineIndex":2,"_lineLayer":0,"_type":1,"_cutDirection":1},{"_time":529.5,"_lineIndex":1,"_lineLayer":0,"_type":0,"_cutDirection":1},{"_time":531,"_lineIndex":3,"_lineLayer":2,"_type":1,"_cutDirection":0},{"_time":531,"_lineIndex":0,"_lineLayer":2,"_type":0,"_cutDirection":0},{"_time":532,"_lineIndex":0,"_lineLayer":1,"_type":0,"_cutDirection":2},{"_time":532,"_lineIndex":3,"_lineLayer":1,"_type":1,"_cutDirection":3},{"_time":532.5,"_lineIndex":1,"_lineLayer":1,"_type":0,"_cutDirection":3},{"_time":533,"_lineIndex":2,"_lineLayer":1,"_type":1,"_cutDirection":2},{"_time":533.5,"_lineIndex":1,"_lineLayer":0,"_type":0,"_cutDirection":1},{"_time":533.5,"_lineIndex":2,"_lineLayer":0,"_type":1,"_cutDirection":1},{"_time":535.5,"_lineIndex":3,"_lineLayer":1,"_type":1,"_cutDirection":3},{"_time":535.5,"_lineIndex":0,"_lineLayer":1,"_type":0,"_cutDirection":2},{"_time":536,"_lineIndex":1,"_lineLayer":2,"_type":0,"_cutDirection":0},{"_time":536,"_lineIndex":2,"_lineLayer":2,"_type":1,"_cutDirection":0},{"_time":537,"_lineIndex":0,"_lineLayer":1,"_type":0,"_cutDirection":2},{"_time":537,"_lineIndex":3,"_lineLayer":1,"_type":1,"_cutDirection":3},{"_time":538,"_lineIndex":2,"_lineLayer":0,"_type":1,"_cutDirection":1},{"_time":538,"_lineIndex":1,"_lineLayer":0,"_type":0,"_cutDirection":1},{"_time":539,"_lineIndex":0,"_lineLayer":2,"_type":0,"_cutDirection":0},{"_time":539,"_lineIndex":3,"_lineLayer":2,"_type":1,"_cutDirection":0},{"_time":540,"_lineIndex":3,"_lineLayer":1,"_type":1,"_cutDirection":3},{"_time":540,"_lineIndex":0,"_lineLayer":1,"_type":0,"_cutDirection":2},{"_time":540.5,"_lineIndex":1,"_lineLayer":1,"_type":0,"_cutDirection":3},{"_time":541,"_lineIndex":2,"_lineLayer":1,"_type":1,"_cutDirection":2},{"_time":541.5,"_lineIndex":2,"_lineLayer":0,"_type":1,"_cutDirection":1},{"_time":541.5,"_lineIndex":1,"_lineLayer":0,"_type":0,"_cutDirection":1},{"_time":543,"_lineIndex":0,"_lineLayer":1,"_type":0,"_cutDirection":2},{"_time":543,"_lineIndex":3,"_lineLayer":1,"_type":1,"_cutDirection":3},{"_time":544,"_lineIndex":2,"_lineLayer":2,"_type":1,"_cutDirection":0},{"_time":544,"_lineIndex":1,"_lineLayer":2,"_type":0,"_cutDirection":0},{"_time":545,"_lineIndex":2,"_lineLayer":0,"_type":1,"_cutDirection":1},{"_time":546,"_lineIndex":1,"_lineLayer":0,"_type":0,"_cutDirection":1},{"_time":547,"_lineIndex":3,"_lineLayer":2,"_type":1,"_cutDirection":0},{"_time":547,"_lineIndex":0,"_lineLayer":2,"_type":0,"_cutDirection":0},{"_time":548.5,"_lineIndex":3,"_lineLayer":1,"_type":1,"_cutDirection":3},{"_time":548.5,"_lineIndex":0,"_lineLayer":1,"_type":0,"_cutDirection":2},{"_time":549,"_lineIndex":1,"_lineLayer":0,"_type":0,"_cutDirection":1},{"_time":549,"_lineIndex":2,"_lineLayer":0,"_type":1,"_cutDirection":1},{"_time":549.5,"_lineIndex":2,"_lineLayer":1,"_type":1,"_cutDirection":0},{"_time":549.5,"_lineIndex":1,"_lineLayer":1,"_type":0,"_cutDirection":0},{"_time":551.5,"_lineIndex":0,"_lineLayer":1,"_type":0,"_cutDirection":2},{"_time":551.5,"_lineIndex":3,"_lineLayer":1,"_type":1,"_cutDirection":3},{"_time":552,"_lineIndex":2,"_lineLayer":2,"_type":1,"_cutDirection":0},{"_time":552,"_lineIndex":1,"_lineLayer":2,"_type":0,"_cutDirection":0},{"_time":553,"_lineIndex":3,"_lineLayer":1,"_type":1,"_cutDirection":3},{"_time":553,"_lineIndex":0,"_lineLayer":1,"_type":0,"_cutDirection":2},{"_time":554,"_lineIndex":2,"_lineLayer":1,"_type":1,"_cutDirection":1},{"_time":554,"_lineIndex":2,"_lineLayer":0,"_type":1,"_cutDirection":1},{"_time":554,"_lineIndex":2,"_lineLayer":2,"_type":1,"_cutDirection":1},{"_time":554,"_lineIndex":1,"_lineLayer":2,"_type":0,"_cutDirection":1},{"_time":554,"_lineIndex":1,"_lineLayer":1,"_type":0,"_cutDirection":1},{"_time":554,"_lineIndex":1,"_lineLayer":0,"_type":0,"_cutDirection":1}],"_obstacles":[{"_time":42.5,"_lineIndex":2,"_type":0,"_duration":1,"_width":2},{"_time":44,"_lineIndex":0,"_type":0,"_duration":1,"_width":2},{"_time":48,"_lineIndex":0,"_type":1,"_duration":1,"_width":4},{"_time":50.5,"_lineIndex":2,"_type":0,"_duration":1,"_width":2},{"_time":52,"_lineIndex":0,"_type":0,"_duration":1,"_width":2},{"_time":56,"_lineIndex":0,"_type":1,"_duration":1,"_width":4},{"_time":86.5,"_lineIndex":0,"_type":1,"_duration":1,"_width":4},{"_time":89.25,"_lineIndex":0,"_type":0,"_duration":1,"_width":1},{"_time":126,"_lineIndex":0,"_type":1,"_duration":1,"_width":4},{"_time":127,"_lineIndex":0,"_type":1,"_duration":1,"_width":4},{"_time":162.25,"_lineIndex":0,"_type":1,"_duration":1,"_width":4},{"_time":176,"_lineIndex":0,"_type":1,"_duration":1,"_width":4},{"_time":222,"_lineIndex":0,"_type":1,"_duration":1,"_width":4},{"_time":238,"_lineIndex":0,"_type":1,"_duration":1,"_width":4},{"_time":239,"_lineIndex":0,"_type":1,"_duration":1,"_width":4},{"_time":239.5,"_lineIndex":0,"_type":1,"_duration":1,"_width":4},{"_time":240.5,"_lineIndex":0,"_type":1,"_duration":1,"_width":4},{"_time":241.25,"_lineIndex":0,"_type":1,"_duration":1,"_width":4},{"_time":242,"_lineIndex":0,"_type":1,"_duration":1,"_width":4},{"_time":272.5,"_lineIndex":2,"_type":0,"_duration":1,"_width":2},{"_time":273.5,"_lineIndex":2,"_type":0,"_duration":1,"_width":2},{"_time":275.5,"_lineIndex":0,"_type":0,"_duration":1,"_width":2},{"_time":276.5,"_lineIndex":0,"_type":0,"_duration":1,"_width":2},{"_time":286,"_lineIndex":0,"_type":1,"_duration":1,"_width":4},{"_time":287,"_lineIndex":0,"_type":1,"_duration":1,"_width":4},{"_time":288,"_lineIndex":0,"_type":1,"_duration":1,"_width":4},{"_time":289,"_lineIndex":0,"_type":1,"_duration":1,"_width":4},{"_time":290,"_lineIndex":0,"_type":1,"_duration":1,"_width":4},{"_time":291,"_lineIndex":0,"_type":1,"_duration":1,"_width":4},{"_time":340,"_lineIndex":0,"_type":0,"_duration":1,"_width":2},{"_time":341,"_lineIndex":0,"_type":0,"_duration":1,"_width":2},{"_time":346.75,"_lineIndex":0,"_type":1,"_duration":1,"_width":4},{"_time":347.75,"_lineIndex":0,"_type":1,"_duration":1,"_width":4},{"_time":348.75,"_lineIndex":0,"_type":1,"_duration":1,"_width":4},{"_time":349.75,"_lineIndex":0,"_type":1,"_duration":1,"_width":4}]}